PdomSCFr1.2-0001,6973340,2174272,7126315,1000,276,1000,998,358,1000
PdomSCFr1.2-0002,5737536,1794957,5803805,1000,310,1000,997,187,1000
PdomSCFr1.2-0003,5884272,1822843,6052460,1000,273,1000,1000,317,1000
PdomSCFr1.2-0004,5539471,1765195,5611376,1000,368,1000,1000,325,1000
PdomSCFr1.2-0005,4801305,1538832,4881697,1000,244,1000,995,276,1000
PdomSCFr1.2-0006,3734236,1127332,3858427,1000,284,1000,1000,318,1000
PdomSCFr1.2-0007,3687858,1218618,3730956,992,343,1000,1000,214,1000
PdomSCFr1.2-0008,3703235,1070234,3797714,1000,246,1000,996,333,1000
PdomSCFr1.2-0009,3548094,1106411,3621605,1000,259,1000,995,283,1000
PdomSCFr1.2-0010,3536943,1075095,3609360,1000,449,1000,1000,294,1000
PdomSCFr1.2-0011,2697684,863044,2725388,997,387,1000,1000,297,1000
PdomSCFr1.2-0012,2705974,777673,2824937,1000,224,1000,998,251,1000
PdomSCFr1.2-0013,2576092,834398,2599059,1000,296,1000,1000,364,1000
PdomSCFr1.2-0014,2491063,799019,2573728,885,289,1000,1000,304,1000
PdomSCFr1.2-0015,2375953,744882,2413543,1000,356,1000,1000,349,1000
PdomSCFr1.2-0016,2362597,748434,2413410,1000,403,1000,1000,256,1000
PdomSCFr1.2-0017,2359915,714841,2398943,1000,351,1000,999,278,1000
PdomSCFr1.2-0018,2255754,723222,2325882,1000,278,1000,999,277,1000
PdomSCFr1.2-0019,2315351,674367,2453237,999,262,1000,1000,336,1000
PdomSCFr1.2-0020,2211973,620818,2235455,995,324,1000,1000,280,1000
PdomSCFr1.2-0021,2163155,647912,2188473,1000,306,1000,998,327,1000
PdomSCFr1.2-0022,2188532,672908,2238456,999,299,1000,996,386,1000
PdomSCFr1.2-0023,2067656,600955,2170035,1000,260,1000,1000,378,1000
PdomSCFr1.2-0024,1970901,618216,1985952,998,324,1000,999,341,1000
PdomSCFr1.2-0025,1980724,559329,2121827,1000,255,1000,1000,283,1000
PdomSCFr1.2-0026,1946350,579073,1992428,1000,255,1000,1000,348,1000
PdomSCFr1.2-0027,1852475,587621,1867107,1000,292,1000,1000,339,1000
PdomSCFr1.2-0028,1879583,594537,1946622,983,272,1000,994,316,1000
PdomSCFr1.2-0029,1864657,568812,1960961,1000,283,1000,1000,316,1000
PdomSCFr1.2-0030,1805874,536853,1859493,1000,428,1000,1000,289,1000
PdomSCFr1.2-0031,1706178,484363,1764085,998,304,1000,1000,190,1000
PdomSCFr1.2-0032,1687860,529414,1718495,998,286,1000,995,243,1000
PdomSCFr1.2-0033,1657641,473186,1723901,995,253,1000,610,161,1000
PdomSCFr1.2-0034,1702131,507402,1766318,1000,266,1000,1000,298,1000
PdomSCFr1.2-0035,1678643,509827,1713163,1000,321,1000,1000,294,1000
PdomSCFr1.2-0036,1573776,506809,1608603,1000,306,1000,1000,300,1000
PdomSCFr1.2-0037,1545577,497319,1625592,1000,293,1000,1000,308,1000
PdomSCFr1.2-0038,1558745,446456,1681940,994,254,1000,1000,281,1000
PdomSCFr1.2-0039,1419208,454020,1456220,1000,321,1000,998,308,1000
PdomSCFr1.2-0040,1407736,465512,1434872,819,265,1000,1000,327,1000
PdomSCFr1.2-0041,1348171,427493,1362774,1000,379,1000,993,483,1000
PdomSCFr1.2-0042,1362071,428914,1424589,1000,219,1000,988,370,1000
PdomSCFr1.2-0043,1360447,395130,1426524,999,287,1000,1000,449,1000
PdomSCFr1.2-0044,1366293,431430,1422944,999,363,1000,1000,395,1000
PdomSCFr1.2-0045,1286667,352833,1386403,1000,294,1000,1000,250,1000
PdomSCFr1.2-0046,1209493,369383,1234823,999,247,1000,999,262,1000
PdomSCFr1.2-0047,1201824,374285,1209930,1000,289,1000,1000,276,1000
PdomSCFr1.2-0048,1231851,346789,1287010,1000,276,1000,1000,279,1000
PdomSCFr1.2-0049,1240169,398868,1267834,1000,483,1000,1000,278,1000
PdomSCFr1.2-0050,1231552,362508,1294915,1000,281,1000,1000,287,1000
PdomSCFr1.2-0051,1157666,389680,1163658,1000,341,1000,1000,158,1000
PdomSCFr1.2-0052,1156869,385748,1208652,1000,251,1000,1000,243,1000
PdomSCFr1.2-0053,1117245,305585,1140964,999,313,1000,998,251,1000
PdomSCFr1.2-0054,1132684,326572,1176217,1000,445,1000,996,301,1000
PdomSCFr1.2-0055,1136735,324880,1157967,1000,243,1000,470,147,1000
PdomSCFr1.2-0056,1079892,365552,1091232,1000,276,1000,1000,287,1000
PdomSCFr1.2-0057,1076275,323005,1117495,1000,338,1000,1000,313,1000
PdomSCFr1.2-0058,1045701,315539,1064883,1000,238,1000,1000,262,1000
PdomSCFr1.2-0059,1034423,354627,1038794,1000,248,1000,999,260,1000
PdomSCFr1.2-0060,1069239,328518,1131473,999,322,1000,1000,271,1000
PdomSCFr1.2-0061,1043038,294528,1119337,1000,432,1000,1000,316,1000
PdomSCFr1.2-0062,975246,275760,992176,1000,292,1000,1000,261,1000
PdomSCFr1.2-0063,945551,273994,957267,1000,271,1000,997,265,1000
PdomSCFr1.2-0064,1058379,347268,1164540,1000,333,1000,998,253,1000
PdomSCFr1.2-0065,950164,281742,994410,999,411,1000,1000,366,1000
PdomSCFr1.2-0066,912077,291568,914304,995,277,1000,999,284,1000
PdomSCFr1.2-0067,903770,293948,907424,1000,246,1000,1000,274,1000
PdomSCFr1.2-0068,877574,245951,928831,1000,263,1000,1000,329,1000
PdomSCFr1.2-0069,908257,247681,944515,1000,312,1000,1000,287,1000
PdomSCFr1.2-0070,826535,286150,832321,999,316,1000,996,259,1000
PdomSCFr1.2-0071,801688,240759,809640,1000,293,1000,998,339,1000
PdomSCFr1.2-0072,807011,220919,841291,1000,344,1000,993,298,1000
PdomSCFr1.2-0073,795632,225670,820031,998,239,1000,999,245,1000
PdomSCFr1.2-0074,820504,230384,872861,1000,421,1000,1000,244,1000
PdomSCFr1.2-0075,754186,257669,757832,1000,251,1000,997,260,1000
PdomSCFr1.2-0076,752268,227241,759127,1000,339,1000,1000,306,1000
PdomSCFr1.2-0077,744516,209676,772810,1000,289,1000,1000,342,1000
PdomSCFr1.2-0078,713015,232998,716352,999,300,1000,1000,362,1000
PdomSCFr1.2-0079,700707,225163,710597,1000,328,1000,1000,256,1000
PdomSCFr1.2-0080,690434,203574,719016,1000,206,1000,997,441,1000
PdomSCFr1.2-0081,700265,208333,766957,995,286,1000,1000,356,1000
PdomSCFr1.2-0082,701908,216580,737123,1000,313,1000,1000,257,1000
PdomSCFr1.2-0083,667406,226821,674581,998,238,1000,1000,295,1000
PdomSCFr1.2-0084,670376,234284,685841,1000,210,1000,1000,375,1000
PdomSCFr1.2-0085,641334,163626,656175,999,344,1000,1000,208,1000
PdomSCFr1.2-0086,636952,199199,647092,890,279,1000,999,305,1000
PdomSCFr1.2-0087,696487,237925,764088,1000,332,1000,997,233,1000
PdomSCFr1.2-0088,638011,176445,724296,1000,309,1000,1000,347,1000
PdomSCFr1.2-0089,643647,196032,666865,1000,305,1000,1000,373,1000
PdomSCFr1.2-0090,612505,219607,617276,1000,223,1000,1000,334,1000
PdomSCFr1.2-0091,582131,183067,591563,997,255,1000,999,321,1000
PdomSCFr1.2-0092,623086,187168,677737,1000,232,1000,1000,206,1000
PdomSCFr1.2-0093,590571,178906,611478,996,348,1000,463,108,1000
PdomSCFr1.2-0094,577897,201074,582200,1000,314,1000,1000,327,1000
PdomSCFr1.2-0095,595607,187324,606685,1000,338,1000,1000,326,1000
PdomSCFr1.2-0096,608828,173797,668525,998,289,1000,1000,238,1000
PdomSCFr1.2-0097,577771,162763,610688,1000,259,1000,1000,295,1000
PdomSCFr1.2-0098,582827,197002,595120,1000,285,1000,995,435,1000
PdomSCFr1.2-0099,563675,176831,573759,1000,272,1000,1000,318,1000
PdomSCFr1.2-0100,598820,168498,632701,1000,350,1000,1000,340,1000
PdomSCFr1.2-0101,571910,170749,597496,999,263,1000,987,218,1000
PdomSCFr1.2-0102,614444,196101,657694,1000,430,1000,999,239,1000
PdomSCFr1.2-0103,597222,181971,704556,1000,265,1000,998,299,1000
PdomSCFr1.2-0104,555168,153498,569306,1000,246,1000,999,252,1000
PdomSCFr1.2-0105,545107,160496,565595,996,335,1000,1000,303,1000
PdomSCFr1.2-0106,555994,163295,564020,1000,400,1000,1000,328,1000
PdomSCFr1.2-0107,554308,158702,588031,1000,306,1000,1000,268,1000
PdomSCFr1.2-0108,530034,132980,563630,1000,220,1000,992,243,1000
PdomSCFr1.2-0109,547101,164137,552321,1000,193,1000,1000,304,1000
PdomSCFr1.2-0110,533062,170864,546652,1000,351,1000,1000,143,1000
PdomSCFr1.2-0111,523614,150328,540496,1000,236,1000,1000,261,1000
PdomSCFr1.2-0112,501955,132431,536423,1000,280,1000,999,358,1000
PdomSCFr1.2-0113,511665,153437,529976,999,390,1000,998,280,1000
PdomSCFr1.2-0114,500892,158476,527102,1000,358,1000,1000,400,1000
PdomSCFr1.2-0115,491680,132832,520406,1000,231,1000,999,286,1000
PdomSCFr1.2-0116,472405,163636,475980,1000,296,1000,1000,362,1000
PdomSCFr1.2-0117,498438,168357,509191,1000,302,1000,1000,407,1000
PdomSCFr1.2-0118,470255,147545,478568,1000,253,1000,1000,255,1000
PdomSCFr1.2-0119,483323,163908,538681,1000,344,1000,999,373,1000
PdomSCFr1.2-0120,441663,124682,503068,996,294,1000,997,324,1000
PdomSCFr1.2-0121,436803,137781,449461,999,277,1000,998,275,1000
PdomSCFr1.2-0122,442543,130069,468104,1000,297,1000,999,259,1000
PdomSCFr1.2-0123,426584,150985,430670,674,159,1000,1000,374,1000
PdomSCFr1.2-0124,460865,147055,473878,1000,274,1000,1000,280,1000
PdomSCFr1.2-0125,424830,134007,454369,1000,283,1000,1000,260,1000
PdomSCFr1.2-0126,413597,131870,417742,1000,280,1000,1000,266,1000
PdomSCFr1.2-0127,408363,146795,412021,1000,330,1000,1000,287,1000
PdomSCFr1.2-0128,402612,109578,422881,1000,269,1000,996,335,1000
PdomSCFr1.2-0129,456146,147117,497807,1000,307,1000,1000,293,1000
PdomSCFr1.2-0130,363808,113864,364292,1000,332,1000,999,255,1000
PdomSCFr1.2-0131,373629,109393,389658,1000,191,1000,998,340,1000
PdomSCFr1.2-0132,365211,110864,368498,998,245,1000,1000,328,1000
PdomSCFr1.2-0133,348660,109281,350932,999,241,1000,1000,347,1000
PdomSCFr1.2-0134,355772,95851,371612,1000,279,1000,996,287,1000
PdomSCFr1.2-0135,329290,74996,356783,1000,541,1000,999,339,1000
PdomSCFr1.2-0136,343674,107569,349411,1000,274,1000,999,279,1000
PdomSCFr1.2-0137,343009,110235,348607,1000,253,1000,999,233,1000
PdomSCFr1.2-0138,345532,116692,346483,1000,257,1000,998,269,1000
PdomSCFr1.2-0139,314353,95420,321388,999,339,1000,1000,290,1000
PdomSCFr1.2-0140,314070,94131,344996,1000,286,1000,1000,251,1000
PdomSCFr1.2-0141,285730,90727,289846,995,310,1000,1000,317,1000
PdomSCFr1.2-0142,281903,83415,286160,998,281,1000,1000,287,1000
PdomSCFr1.2-0143,287482,86740,287830,1000,262,1000,1000,306,1000
PdomSCFr1.2-0144,279834,90010,283342,1000,276,1000,1000,334,1000
PdomSCFr1.2-0145,280929,69886,294034,996,319,1000,996,277,1000
PdomSCFr1.2-0146,264801,90214,270007,953,265,1000,1000,309,1000
PdomSCFr1.2-0147,327268,100002,373687,1000,273,1000,1000,262,1000
PdomSCFr1.2-0148,258862,80086,259526,1000,323,1000,1000,307,1000
PdomSCFr1.2-0149,256371,77300,266939,1000,317,1000,715,183,1000
PdomSCFr1.2-0150,241193,68719,258942,999,289,1000,1000,271,1000
PdomSCFr1.2-0151,263650,72093,279100,999,237,1000,998,358,1000
PdomSCFr1.2-0152,252082,72481,276214,1000,291,1000,724,223,1000
PdomSCFr1.2-0153,279900,78249,319693,999,263,1000,980,253,1000
PdomSCFr1.2-0154,240661,63905,259302,1000,257,1000,1000,277,1000
PdomSCFr1.2-0155,257508,89270,279536,996,425,1000,1000,273,1000
PdomSCFr1.2-0156,222513,54155,244394,820,225,1000,1000,232,1000
PdomSCFr1.2-0157,217296,76265,217620,1000,301,1000,1000,360,1000
PdomSCFr1.2-0158,226890,64020,251729,997,197,1000,1000,238,1000
PdomSCFr1.2-0159,210825,77139,211243,1000,308,1000,996,261,1000
PdomSCFr1.2-0160,228750,68904,238690,1000,336,1000,1000,305,1000
PdomSCFr1.2-0161,206467,60541,206770,999,277,1000,1000,337,1000
PdomSCFr1.2-0162,206618,58255,215391,998,341,1000,993,256,1000
PdomSCFr1.2-0163,215456,61645,239895,999,364,1000,994,474,1000
PdomSCFr1.2-0164,198372,50882,222917,1000,299,1000,1000,277,1000
PdomSCFr1.2-0165,221952,70962,253078,999,376,1000,1000,217,1000
PdomSCFr1.2-0166,205968,78363,217153,1000,290,1000,998,335,1000
PdomSCFr1.2-0167,250081,80015,274443,1000,437,1000,1000,378,1000
PdomSCFr1.2-0168,189324,55377,197941,1000,253,1000,988,289,1000
PdomSCFr1.2-0169,198021,66094,199289,1000,276,1000,998,248,1000
PdomSCFr1.2-0170,196391,56478,203384,999,238,1000,999,242,1000
PdomSCFr1.2-0171,199471,58770,228344,1000,241,1000,1000,265,1000
PdomSCFr1.2-0172,183963,62526,188034,994,336,1000,999,280,1000
PdomSCFr1.2-0173,175162,53236,190528,1000,249,1000,979,298,1000
PdomSCFr1.2-0174,174243,56821,180424,999,271,1000,1000,282,1000
PdomSCFr1.2-0175,182792,57719,189776,1000,240,1000,996,288,1000
PdomSCFr1.2-0176,167146,57461,169199,1000,281,1000,1000,288,1000
PdomSCFr1.2-0177,175461,53938,180785,1000,256,1000,1000,271,1000
PdomSCFr1.2-0178,161671,48069,162148,997,290,1000,1000,305,1000
PdomSCFr1.2-0179,161611,48614,171063,998,292,1000,994,369,1000
PdomSCFr1.2-0180,155157,41420,157241,995,276,1000,1000,270,1000
PdomSCFr1.2-0181,163619,46754,184269,1000,264,1000,999,267,1000
PdomSCFr1.2-0182,177965,50996,197819,998,308,1000,1000,296,1000
PdomSCFr1.2-0183,149142,51956,154311,1000,347,1000,999,302,1000
PdomSCFr1.2-0184,174530,48748,209121,1000,266,1000,1000,232,1000
PdomSCFr1.2-0185,146055,42299,147245,978,356,1000,1000,287,1000
PdomSCFr1.2-0186,143862,42430,151474,1000,308,1000,1000,301,1000
PdomSCFr1.2-0187,214059,61582,263800,1000,252,1000,560,150,1000
PdomSCFr1.2-0188,149931,41145,166813,1000,287,1000,1000,301,1000
PdomSCFr1.2-0189,131364,40532,131519,1000,302,1000,998,240,1000
PdomSCFr1.2-0190,158536,43433,164884,1000,343,1000,1000,184,1000
PdomSCFr1.2-0191,157260,50219,186833,1000,267,1000,1000,442,1000
PdomSCFr1.2-0192,138727,39155,145379,1000,302,1000,1000,326,1000
PdomSCFr1.2-0193,130227,35330,133421,1000,349,1000,999,296,1000
PdomSCFr1.2-0194,127226,47376,149421,991,331,1000,1000,310,1000
PdomSCFr1.2-0195,122128,46441,133356,997,303,1000,1000,441,1000
PdomSCFr1.2-0196,115152,38216,116309,999,267,1000,501,151,1000
PdomSCFr1.2-0197,109525,33875,110474,1000,299,1000,1000,270,1000
PdomSCFr1.2-0198,119246,42492,134140,1000,240,1000,999,359,1000
PdomSCFr1.2-0199,100393,23353,111096,1000,258,1000,1000,255,1000
PdomSCFr1.2-0200,133003,40087,143383,905,266,1000,1000,220,1000
PdomSCFr1.2-0201,110027,32605,117118,1000,256,1000,1000,260,1000
PdomSCFr1.2-0202,105506,29258,127201,1000,262,1000,1000,301,1000
PdomSCFr1.2-0203,100615,31660,120574,1000,325,1000,1000,359,1000
PdomSCFr1.2-0204,96385,27763,101755,1000,318,1000,1000,302,1000
PdomSCFr1.2-0205,93512,25896,105966,1000,266,1000,1000,274,1000
PdomSCFr1.2-0206,98995,25402,124790,1000,279,1000,1000,281,1000
PdomSCFr1.2-0207,92007,26293,106050,1000,344,1000,1000,390,1000
PdomSCFr1.2-0208,105291,32924,106806,1000,358,1000,988,314,1000
PdomSCFr1.2-0209,91589,32664,96806,998,399,1000,986,383,1000
PdomSCFr1.2-0210,106016,39836,128207,1000,371,1000,1000,415,1000
PdomSCFr1.2-0211,89221,26441,101493,997,573,1000,1000,370,1000
PdomSCFr1.2-0212,78773,25014,108909,1000,324,1000,1000,439,1000
PdomSCFr1.2-0213,91482,36332,114859,201,28,1000,1000,433,1000
PdomSCFr1.2-0214,71794,21142,72199,1000,283,1000,1000,312,1000
PdomSCFr1.2-0215,98033,29892,128440,990,364,1000,1000,181,1000
PdomSCFr1.2-0216,83643,25435,85058,1000,333,1000,863,270,1000
PdomSCFr1.2-0217,81624,25649,92608,993,348,1000,1000,328,1000
PdomSCFr1.2-0218,88119,24271,105230,1000,209,1000,986,293,1000
PdomSCFr1.2-0219,77295,21431,78950,1000,241,1000,994,403,1000
PdomSCFr1.2-0220,63490,15645,66304,1000,210,1000,999,290,1000
PdomSCFr1.2-0221,70682,25918,74653,1000,427,1000,1000,228,1000
PdomSCFr1.2-0222,72735,28498,81521,1000,301,1000,1000,559,1000
PdomSCFr1.2-0223,78040,27796,92681,995,387,1000,999,212,1000
PdomSCFr1.2-0224,79407,20209,102777,1000,277,1000,999,288,1000
PdomSCFr1.2-0225,56753,16493,56773,1000,276,1000,999,269,1000
PdomSCFr1.2-0226,80557,26975,90682,999,266,1000,998,311,1000
PdomSCFr1.2-0227,56341,20938,64701,1000,299,1000,1000,264,1000
PdomSCFr1.2-0228,49618,14687,60856,1000,295,1000,1000,285,1000
PdomSCFr1.2-0229,56244,16665,57459,1000,300,1000,999,271,1000
PdomSCFr1.2-0230,51068,17110,57597,1000,215,1000,1000,379,1000
PdomSCFr1.2-0231,51736,16411,67422,1000,332,1000,1000,292,1000
PdomSCFr1.2-0232,55806,19622,66914,1000,435,1000,998,280,1000
PdomSCFr1.2-0233,66959,22349,71950,1000,340,1000,994,401,1000
PdomSCFr1.2-0234,58097,19464,71142,1000,286,1000,999,358,1000
PdomSCFr1.2-0235,79224,24894,84920,998,335,1000,1000,354,1000
PdomSCFr1.2-0236,49440,14242,49441,1000,293,1000,1000,332,1000
PdomSCFr1.2-0237,51400,17131,54989,993,284,1000,1000,383,1000
PdomSCFr1.2-0238,65175,22282,80518,1000,366,1000,998,333,1000
PdomSCFr1.2-0239,46692,13569,47584,999,186,1000,1000,272,1000
PdomSCFr1.2-0240,48725,15594,56477,1000,319,1000,1000,277,1000
PdomSCFr1.2-0241,52645,16752,64107,1000,259,1000,1000,356,1000
PdomSCFr1.2-0242,51925,20226,59485,1000,334,1000,999,463,1000
PdomSCFr1.2-0243,47138,14657,53681,1000,495,1000,1000,346,1000
PdomSCFr1.2-0244,45068,15336,55570,999,284,1000,999,340,1000
PdomSCFr1.2-0245,55990,20404,73646,996,272,1000,1000,198,1000
PdomSCFr1.2-0246,48007,15552,59828,981,356,1000,1000,394,1000
PdomSCFr1.2-0247,47960,14766,53370,1000,393,1000,1000,293,1000
PdomSCFr1.2-0248,47956,14622,55189,1000,282,1000,1000,287,1000
PdomSCFr1.2-0249,45895,13623,50992,1000,359,1000,1000,346,1000
PdomSCFr1.2-0250,39504,12035,48167,1000,350,1000,989,305,1000
PdomSCFr1.2-0251,72499,26123,78023,1000,364,1000,823,198,1000
PdomSCFr1.2-0252,33041,10311,42331,997,272,1000,994,436,1000
PdomSCFr1.2-0253,57959,17596,65047,999,288,1000,1000,279,1000
PdomSCFr1.2-0254,39222,11553,41147,1000,268,1000,1000,246,1000
PdomSCFr1.2-0255,38914,12065,40253,1000,251,1000,1000,363,1000
PdomSCFr1.2-0256,37003,11991,42858,998,354,1000,1000,276,1000
PdomSCFr1.2-0257,41496,14113,49379,1000,521,1000,1000,345,1000
PdomSCFr1.2-0258,40562,15015,43319,1000,338,1000,993,397,1000
PdomSCFr1.2-0259,42908,10690,43038,1000,227,1000,998,313,1000
PdomSCFr1.2-0260,37738,12124,37866,1000,301,1000,998,340,1000
PdomSCFr1.2-0261,36675,10893,36675,1000,291,1000,1000,265,1000
PdomSCFr1.2-0262,42089,13250,44453,998,350,1000,1000,309,1000
PdomSCFr1.2-0263,34851,11900,35450,1000,412,1000,1000,320,1000
PdomSCFr1.2-0264,42114,13952,64350,999,370,1000,996,383,1000
PdomSCFr1.2-0265,27914,8523,35340,434,133,1000,999,355,1000
PdomSCFr1.2-0266,34204,9715,34204,1000,309,1000,1000,304,1000
PdomSCFr1.2-0267,33563,9890,34189,997,302,1000,998,346,1000
PdomSCFr1.2-0268,38518,11519,43882,999,192,1000,999,297,1000
PdomSCFr1.2-0269,36499,10911,38045,1000,253,1000,989,260,1000
PdomSCFr1.2-0270,29855,9532,33868,1000,489,1000,989,303,1000
PdomSCFr1.2-0271,25569,10063,35314,1000,305,1000,1000,437,1000
PdomSCFr1.2-0272,30361,10342,43591,1000,221,1000,1000,516,1000
PdomSCFr1.2-0273,30681,10002,34194,601,256,1000,1000,382,1000
PdomSCFr1.2-0274,32341,10737,40831,1000,398,1000,999,351,1000
PdomSCFr1.2-0275,31578,11491,40439,750,314,1000,994,261,1000
PdomSCFr1.2-0276,36077,10883,40421,1000,308,1000,998,255,1000
PdomSCFr1.2-0277,29806,9334,30582,1000,306,1000,994,503,1000
PdomSCFr1.2-0278,29428,10028,30070,1000,373,1000,999,337,1000
PdomSCFr1.2-0279,28370,6653,29587,993,218,1000,998,306,1000
PdomSCFr1.2-0280,34998,11225,42917,1000,590,1000,1000,393,1000
PdomSCFr1.2-0281,30275,10861,38040,999,450,1000,997,334,1000
PdomSCFr1.2-0282,28500,10177,40659,1000,243,1000,990,462,1000
PdomSCFr1.2-0283,26255,7743,28481,998,398,1000,997,402,1000
PdomSCFr1.2-0284,31292,11330,47541,1000,452,1000,995,355,1000
PdomSCFr1.2-0285,27169,9501,29886,997,414,1000,997,302,1000
PdomSCFr1.2-0286,26004,9564,26775,1000,366,1000,999,321,1000
PdomSCFr1.2-0287,26070,9391,26087,1000,383,1000,996,294,1000
PdomSCFr1.2-0288,21577,7072,27111,915,189,1000,996,372,1000
PdomSCFr1.2-0289,35457,11137,42241,1000,346,1000,999,258,1000
PdomSCFr1.2-0290,38746,13299,41372,1000,315,1000,1000,333,1000
PdomSCFr1.2-0291,20919,6871,33483,1000,326,1000,998,311,1000
PdomSCFr1.2-0292,21010,6394,23675,999,288,1000,1000,398,1000
PdomSCFr1.2-0293,30755,10828,37040,997,290,1000,1000,438,1000
PdomSCFr1.2-0294,36558,11623,41467,997,547,1000,1000,379,1000
PdomSCFr1.2-0295,22244,7984,23338,1000,221,1000,997,372,1000
PdomSCFr1.2-0296,24176,7469,24256,1000,360,1000,1000,249,1000
PdomSCFr1.2-0297,21931,7281,22738,1000,267,1000,981,309,1000
PdomSCFr1.2-0298,30785,7700,31913,1000,253,1000,1000,275,1000
PdomSCFr1.2-0299,32060,13989,38013,1000,275,1000,999,385,1000
PdomSCFr1.2-0300,25612,7960,30501,997,376,1000,998,295,1000
PdomSCFr1.2-0301,22762,6446,24477,997,360,1000,997,370,1000
PdomSCFr1.2-0302,19235,7499,20956,1000,360,1000,999,391,1000
PdomSCFr1.2-0303,30208,9825,33155,999,227,1000,1000,251,1000
PdomSCFr1.2-0304,18915,4870,20545,1000,265,1000,998,266,1000
PdomSCFr1.2-0305,19358,5858,20830,1000,356,1000,999,291,1000
PdomSCFr1.2-0306,19999,8211,20007,1000,443,1000,1000,286,1000
PdomSCFr1.2-0307,40127,11414,58775,991,418,1000,997,238,1000
PdomSCFr1.2-0308,22778,6913,26201,1000,229,1000,999,471,1000
PdomSCFr1.2-0309,19813,7731,20061,998,633,1000,998,281,1000
PdomSCFr1.2-0310,19633,6084,19634,1000,334,1000,1000,310,1000
PdomSCFr1.2-0311,17510,6065,19302,1000,268,1000,1000,312,1000
PdomSCFr1.2-0312,22092,7392,24490,1000,212,1000,1000,377,1000
PdomSCFr1.2-0313,18458,6685,19619,992,344,1000,1000,343,1000
PdomSCFr1.2-0314,26144,5958,32334,1000,293,1000,998,247,1000
PdomSCFr1.2-0315,19839,6362,23700,999,328,1000,1000,267,1000
PdomSCFr1.2-0316,27297,11723,40660,1000,494,1000,1000,346,1000
PdomSCFr1.2-0317,17737,6181,17919,1000,300,1000,1000,349,1000
PdomSCFr1.2-0318,21016,6820,23914,987,339,1000,1000,350,1000
PdomSCFr1.2-0319,16683,5333,17681,1000,398,1000,992,332,1000
PdomSCFr1.2-0320,16701,5597,17709,1000,281,1000,995,374,1000
PdomSCFr1.2-0321,17487,7769,17999,1000,378,1000,999,404,1000
PdomSCFr1.2-0322,25565,8693,26713,1000,434,1000,1000,272,1000
PdomSCFr1.2-0323,27261,10427,27279,997,409,1000,999,249,1000
PdomSCFr1.2-0324,20280,6814,37802,999,251,1000,1000,290,1000
PdomSCFr1.2-0325,25339,8566,30251,1000,222,1000,1000,397,1000
PdomSCFr1.2-0326,16177,5203,16267,1000,243,1000,983,204,1000
PdomSCFr1.2-0327,15632,6851,15693,999,585,1000,991,366,1000
PdomSCFr1.2-0328,26391,9575,36974,998,471,1000,1000,379,1000
PdomSCFr1.2-0329,16575,4947,16857,983,336,1000,996,298,1000
PdomSCFr1.2-0330,12742,3511,14042,1000,213,1000,999,372,1000
PdomSCFr1.2-0331,14516,4326,15523,996,299,1000,1000,252,1000
PdomSCFr1.2-0332,18932,6021,18959,1000,256,1000,996,281,1000
PdomSCFr1.2-0333,9186,2677,15205,1000,287,1000,999,298,1000
PdomSCFr1.2-0334,14414,4568,14507,1000,222,1000,1000,279,1000
PdomSCFr1.2-0335,16762,6045,17970,1000,465,1000,997,435,1000
PdomSCFr1.2-0336,13869,4230,14498,1000,325,1000,996,426,1000
PdomSCFr1.2-0337,14257,6355,14469,999,298,1000,1000,368,1000
PdomSCFr1.2-0338,18484,5540,25021,1000,267,1000,1000,377,1000
PdomSCFr1.2-0339,26255,8069,26350,996,311,1000,940,307,1000
PdomSCFr1.2-0340,30003,12281,49200,1000,427,1000,999,571,1000
PdomSCFr1.2-0341,13963,4061,14184,1000,268,1000,1000,274,1000
PdomSCFr1.2-0342,14137,5362,14273,1000,429,1000,998,337,1000
PdomSCFr1.2-0343,17088,7102,22416,989,388,1000,1000,292,1000
PdomSCFr1.2-0344,12633,3554,15704,776,232,1000,999,217,1000
PdomSCFr1.2-0345,15730,6315,16858,996,429,1000,993,267,1000
PdomSCFr1.2-0346,10381,3233,11727,1000,491,1000,553,117,1000
PdomSCFr1.2-0347,19022,6667,29025,1000,276,1000,1000,330,1000
PdomSCFr1.2-0348,13069,5087,13701,1000,455,1000,998,321,1000
PdomSCFr1.2-0349,7238,2593,14255,1000,241,1000,989,276,1000
PdomSCFr1.2-0350,6673,2171,16814,1000,255,1000,999,349,1000
PdomSCFr1.2-0351,13345,5767,13419,1000,267,1000,1000,352,1000
PdomSCFr1.2-0352,11951,4769,13076,1000,385,1000,1000,442,1000
PdomSCFr1.2-0353,11711,4528,13216,1000,319,1000,1000,422,1000
PdomSCFr1.2-0354,12859,3852,12908,995,328,1000,992,291,1000
PdomSCFr1.2-0355,7383,2057,8079,996,272,1000,998,361,1000
PdomSCFr1.2-0356,10732,3595,12284,1000,305,1000,987,284,1000
PdomSCFr1.2-0357,11705,3603,12565,1000,324,1000,957,355,1000
PdomSCFr1.2-0358,11137,3457,12137,1000,328,1000,999,272,1000
PdomSCFr1.2-0359,13822,4329,13912,1000,209,1000,995,428,1000
PdomSCFr1.2-0360,11443,4854,11766,1000,508,1000,1000,490,1000
PdomSCFr1.2-0361,10746,3452,11490,1000,237,1000,996,280,1000
PdomSCFr1.2-0362,10336,3582,12054,1000,592,1000,1000,294,1000
PdomSCFr1.2-0363,12471,3684,14029,1000,264,1000,1000,321,1000
PdomSCFr1.2-0364,7802,2646,10773,1000,326,1000,902,238,1000
PdomSCFr1.2-0365,11267,4436,12042,245,68,1000,1000,324,1000
PdomSCFr1.2-0366,11274,3659,11303,998,303,1000,998,298,1000
PdomSCFr1.2-0367,12982,4453,12987,1000,376,1000,1000,485,1000
PdomSCFr1.2-0368,10910,3157,11116,999,252,1000,985,211,1000
PdomSCFr1.2-0369,9296,2705,10736,1000,281,1000,1000,320,1000
PdomSCFr1.2-0370,10987,3016,12000,996,308,1000,1000,278,1000
PdomSCFr1.2-0371,6042,2107,10652,1000,300,1000,995,399,1000
PdomSCFr1.2-0372,10763,3571,16669,962,393,1000,1000,203,1000
PdomSCFr1.2-0373,5695,1246,7507,912,214,1000,999,219,1000
PdomSCFr1.2-0374,7389,2122,10419,995,309,1000,999,277,1000
PdomSCFr1.2-0375,9364,2970,9372,1000,269,1000,1000,295,1000
PdomSCFr1.2-0376,16648,4886,16755,998,336,1000,1000,224,1000
PdomSCFr1.2-0377,7507,3463,9467,1000,548,1000,999,297,1000
PdomSCFr1.2-0378,8988,2168,9024,995,252,1000,996,243,1000
PdomSCFr1.2-0379,9008,2787,9033,996,327,1000,1000,294,1000
PdomSCFr1.2-0380,10614,3263,10618,1000,213,1000,1000,206,1000
PdomSCFr1.2-0381,7715,1986,8940,1000,276,1000,1000,245,1000
PdomSCFr1.2-0382,8959,3321,8966,1000,289,1000,1000,469,1000
PdomSCFr1.2-0383,8979,3474,8979,1000,424,1000,1000,333,1000
PdomSCFr1.2-0384,8957,2795,8957,1000,307,1000,1000,243,1000
PdomSCFr1.2-0385,7160,1913,8480,1000,341,1000,995,222,1000
PdomSCFr1.2-0386,9328,2790,10668,997,267,1000,1000,270,1000
PdomSCFr1.2-0387,8764,3662,8765,1000,469,1000,1000,462,1000
PdomSCFr1.2-0388,8861,3457,8888,1000,549,1000,1000,362,1000
PdomSCFr1.2-0389,7766,2188,8848,1000,325,1000,997,324,1000
PdomSCFr1.2-0390,8810,2158,8810,1000,224,1000,1000,248,1000
PdomSCFr1.2-0391,8363,2695,8750,1000,348,1000,999,265,1000
PdomSCFr1.2-0392,8549,2422,8560,999,317,1000,999,238,1000
PdomSCFr1.2-0393,8637,2616,8640,1000,287,1000,1000,315,1000
PdomSCFr1.2-0394,8573,2864,8588,1000,380,1000,999,304,1000
PdomSCFr1.2-0395,8582,2735,8582,1000,360,1000,1000,387,1000
PdomSCFr1.2-0396,6823,2135,8495,1000,394,1000,1000,267,1000
PdomSCFr1.2-0397,8543,2654,8559,1000,309,1000,999,400,1000
PdomSCFr1.2-0398,7278,2250,8704,1000,236,1000,999,312,1000
PdomSCFr1.2-0399,6821,1902,9642,1000,207,1000,1000,359,1000
PdomSCFr1.2-0400,8488,2582,8488,1000,276,1000,1000,291,1000
PdomSCFr1.2-0401,8467,2776,8468,1000,324,1000,1000,238,1000
PdomSCFr1.2-0402,7935,2795,8283,1000,340,1000,995,316,1000
PdomSCFr1.2-0403,8413,2538,8438,999,307,1000,993,333,1000
PdomSCFr1.2-0404,6514,1915,8483,1000,298,1000,1000,292,1000
PdomSCFr1.2-0405,8333,3179,8333,1000,353,1000,1000,386,1000
PdomSCFr1.2-0406,7533,3553,8487,1000,597,1000,1000,125,1000
PdomSCFr1.2-0407,8014,2068,8259,1000,263,1000,990,226,1000
PdomSCFr1.2-0408,8349,2672,8567,1000,316,1000,1000,294,1000
PdomSCFr1.2-0409,8219,2363,8234,1000,279,1000,994,268,1000
PdomSCFr1.2-0410,7122,1979,8402,1000,270,1000,1000,272,1000
PdomSCFr1.2-0411,7367,3589,8231,999,601,1000,1000,302,1000
PdomSCFr1.2-0412,6865,1953,8167,1000,327,1000,999,233,1000
PdomSCFr1.2-0413,6258,1599,6661,1000,242,1000,1000,217,1000
PdomSCFr1.2-0414,8125,2321,8131,1000,221,1000,999,362,1000
PdomSCFr1.2-0415,6984,2886,8195,1000,262,1000,986,299,1000
PdomSCFr1.2-0416,6829,2477,8212,999,320,1000,999,574,1000
PdomSCFr1.2-0417,8045,2756,8102,994,376,1000,987,330,1000
PdomSCFr1.2-0418,8017,2316,8054,1000,342,1000,990,395,1000
PdomSCFr1.2-0419,8057,2280,8098,1000,302,1000,999,317,1000
PdomSCFr1.2-0420,5587,1652,8117,1000,255,1000,996,303,1000
PdomSCFr1.2-0421,7999,2901,8001,1000,392,1000,998,389,1000
PdomSCFr1.2-0422,5712,2141,7668,957,366,1000,991,358,1000
PdomSCFr1.2-0423,1814,763,7859,996,437,1000,474,203,1000
PdomSCFr1.2-0424,7859,3532,7863,999,505,1000,997,355,1000
PdomSCFr1.2-0425,14377,4166,21554,1000,265,1000,999,263,1000
PdomSCFr1.2-0426,7948,2343,7950,1000,346,1000,1000,263,1000
PdomSCFr1.2-0427,7892,2916,7892,1000,380,1000,1000,348,1000
PdomSCFr1.2-0428,7039,2008,8096,1000,265,1000,1000,300,1000
PdomSCFr1.2-0429,7248,2765,7845,999,402,1000,1000,364,1000
PdomSCFr1.2-0430,6905,2145,7797,996,278,1000,994,352,1000
PdomSCFr1.2-0431,7565,2746,7718,1000,461,1000,1000,286,1000
PdomSCFr1.2-0432,6681,2578,7808,628,188,1000,998,371,1000
PdomSCFr1.2-0433,7417,2102,7773,994,373,1000,996,352,1000
PdomSCFr1.2-0434,7270,2040,9250,1000,254,1000,502,157,1000
PdomSCFr1.2-0435,6900,2888,7695,1000,417,1000,999,377,1000
PdomSCFr1.2-0436,7667,2360,7677,1000,419,1000,1000,273,1000
PdomSCFr1.2-0437,7565,2453,7566,999,411,1000,1000,261,1000
PdomSCFr1.2-0438,7045,2969,7582,999,412,1000,1000,378,1000
PdomSCFr1.2-0439,7599,3095,7604,1000,494,1000,997,383,1000
PdomSCFr1.2-0440,7502,2873,9723,997,412,1000,1000,292,1000
PdomSCFr1.2-0441,17502,5177,19371,994,310,1000,996,309,1000
PdomSCFr1.2-0442,7515,2448,7515,1000,267,1000,1000,270,1000
PdomSCFr1.2-0443,11010,3853,15496,1000,262,1000,1000,302,1000
PdomSCFr1.2-0444,7164,1896,7417,1000,264,1000,998,281,1000
PdomSCFr1.2-0445,7500,2541,7506,999,323,1000,1000,319,1000
PdomSCFr1.2-0446,7516,2115,7522,1000,327,1000,995,285,1000
PdomSCFr1.2-0447,7511,2039,7511,1000,329,1000,1000,232,1000
PdomSCFr1.2-0448,7469,3231,7483,1000,531,1000,994,213,1000
PdomSCFr1.2-0449,7502,3455,7504,999,355,1000,999,494,1000
PdomSCFr1.2-0450,7152,2320,7505,999,336,1000,997,349,1000
PdomSCFr1.2-0451,6837,2242,7843,1000,255,1000,999,366,1000
PdomSCFr1.2-0452,5449,1294,6101,999,216,1000,1000,188,1000
PdomSCFr1.2-0453,7422,2118,7427,1000,318,1000,996,300,1000
PdomSCFr1.2-0454,7344,1911,7344,1000,278,1000,1000,280,1000
PdomSCFr1.2-0455,7290,2014,7306,999,293,1000,999,224,1000
PdomSCFr1.2-0456,6260,2900,7265,1000,522,1000,1000,339,1000
PdomSCFr1.2-0457,7226,3007,7289,1000,394,1000,1000,317,1000
PdomSCFr1.2-0458,7137,2537,7237,1000,520,1000,1000,294,1000
PdomSCFr1.2-0459,5784,3152,6859,1000,512,1000,1000,508,1000
PdomSCFr1.2-0460,7201,3215,7428,999,515,1000,998,463,1000
PdomSCFr1.2-0461,7034,1933,7155,1000,302,1000,987,369,1000
PdomSCFr1.2-0462,7177,2169,7177,1000,311,1000,1000,355,1000
PdomSCFr1.2-0463,7659,2624,7672,1000,539,1000,1000,305,1000
PdomSCFr1.2-0464,7790,2430,13751,991,357,1000,983,415,1000
PdomSCFr1.2-0465,7145,2218,7150,997,291,1000,1000,288,1000
PdomSCFr1.2-0466,6972,2108,7148,1000,294,1000,1000,301,1000
PdomSCFr1.2-0467,7142,2510,7142,1000,294,1000,1000,414,1000
PdomSCFr1.2-0468,7129,2763,7131,999,565,1000,1000,314,1000
PdomSCFr1.2-0469,7096,2039,7107,998,313,1000,998,329,1000
PdomSCFr1.2-0470,5587,1603,6872,968,230,1000,998,265,1000
PdomSCFr1.2-0471,7105,1760,7107,1000,215,1000,1000,237,1000
PdomSCFr1.2-0472,6003,2063,7128,1000,273,1000,1000,352,1000
PdomSCFr1.2-0473,6729,2007,6996,999,323,1000,994,303,1000
PdomSCFr1.2-0474,7029,2034,7043,996,321,1000,1000,296,1000
PdomSCFr1.2-0475,7033,1768,7035,998,260,1000,1000,323,1000
PdomSCFr1.2-0476,5618,1710,7108,993,269,1000,1000,328,1000
PdomSCFr1.2-0477,6556,2533,6991,997,395,1000,998,477,1000
PdomSCFr1.2-0478,6699,2812,14877,787,254,1000,998,488,1000
PdomSCFr1.2-0479,7079,1899,7079,1000,199,1000,1000,317,1000
PdomSCFr1.2-0480,6858,2315,6924,996,273,1000,994,424,1000
PdomSCFr1.2-0481,6620,2008,7304,1000,377,1000,1000,241,1000
PdomSCFr1.2-0482,6825,2526,6927,1000,361,1000,1000,302,1000
PdomSCFr1.2-0483,6861,1909,6861,1000,277,1000,1000,255,1000
PdomSCFr1.2-0484,3605,1850,7152,589,295,1000,886,489,1000
PdomSCFr1.2-0485,6833,2454,6861,991,341,1000,998,443,1000
PdomSCFr1.2-0486,6858,1943,6861,1000,314,1000,998,262,1000
PdomSCFr1.2-0487,6028,2302,6868,1000,360,1000,996,372,1000
PdomSCFr1.2-0488,6679,2183,6749,1000,331,1000,1000,247,1000
PdomSCFr1.2-0489,6730,1670,6731,1000,216,1000,999,336,1000
PdomSCFr1.2-0490,6764,1985,6764,1000,254,1000,1000,373,1000
PdomSCFr1.2-0491,7235,2220,7251,993,395,1000,999,264,1000
PdomSCFr1.2-0492,6734,1602,6734,1000,205,1000,1000,288,1000
PdomSCFr1.2-0493,6650,2589,6653,1000,346,1000,1000,569,1000
PdomSCFr1.2-0494,6618,1850,6628,1000,233,1000,995,270,1000
PdomSCFr1.2-0495,5944,1378,6505,1000,217,1000,948,281,1000
PdomSCFr1.2-0496,6493,2533,6667,995,398,1000,1000,354,1000
PdomSCFr1.2-0497,6538,2788,6547,1000,388,1000,1000,449,1000
PdomSCFr1.2-0498,6468,2482,6487,1000,309,1000,996,394,1000
PdomSCFr1.2-0499,6467,2626,6495,1000,415,1000,991,424,1000
PdomSCFr1.2-0500,6491,2479,6528,996,353,1000,993,360,1000
PdomSCFr1.2-0501,6533,1996,6533,1000,346,1000,1000,256,1000
PdomSCFr1.2-0502,5865,1413,6957,997,205,1000,742,159,1000
PdomSCFr1.2-0503,6450,2066,6460,1000,350,1000,990,320,1000
PdomSCFr1.2-0504,6394,1790,6446,1000,281,1000,1000,249,1000
PdomSCFr1.2-0505,5909,1982,6337,595,190,1000,994,316,1000
PdomSCFr1.2-0506,5983,1762,6453,998,340,1000,999,297,1000
PdomSCFr1.2-0507,6432,2253,6432,1000,268,1000,1000,368,1000
PdomSCFr1.2-0508,6401,2099,6409,1000,279,1000,1000,424,1000
PdomSCFr1.2-0509,5039,1596,6734,1000,426,1000,999,282,1000
PdomSCFr1.2-0510,6389,2033,6389,1000,416,1000,1000,304,1000
PdomSCFr1.2-0511,6746,2050,8100,999,257,1000,1000,315,1000
PdomSCFr1.2-0512,6342,1854,6342,1000,243,1000,1000,316,1000
PdomSCFr1.2-0513,6357,3004,6376,991,503,1000,1000,416,1000
PdomSCFr1.2-0514,5674,1681,6464,1000,304,1000,1000,297,1000
PdomSCFr1.2-0515,6246,2389,6296,999,400,1000,992,419,1000
PdomSCFr1.2-0516,5072,1649,6272,1000,336,1000,998,379,1000
PdomSCFr1.2-0517,5111,2678,6421,999,454,1000,999,591,1000
PdomSCFr1.2-0518,6289,2354,6321,998,309,1000,999,575,1000
PdomSCFr1.2-0519,5228,1151,6180,595,125,1000,455,135,1000
PdomSCFr1.2-0520,6259,1791,6273,1000,302,1000,996,236,1000
PdomSCFr1.2-0521,5956,1812,6351,999,185,1000,997,372,1000
PdomSCFr1.2-0522,6283,2462,6286,1000,396,1000,1000,321,1000
PdomSCFr1.2-0523,6243,1823,6284,999,278,1000,988,332,1000
PdomSCFr1.2-0524,6239,2010,6241,1000,199,1000,999,296,1000
PdomSCFr1.2-0525,5203,1445,6176,999,264,1000,999,398,1000
PdomSCFr1.2-0526,6261,2312,6261,1000,364,1000,1000,385,1000
PdomSCFr1.2-0527,5382,1965,6823,1000,366,1000,995,312,1000
PdomSCFr1.2-0528,6229,1849,6465,998,271,1000,998,223,1000
PdomSCFr1.2-0529,6223,2490,6357,1000,462,1000,1000,285,1000
PdomSCFr1.2-0530,6147,1692,6147,1000,384,1000,1000,191,1000
PdomSCFr1.2-0531,6077,2011,6077,1000,438,1000,1000,238,1000
PdomSCFr1.2-0532,6014,2481,6063,1000,371,1000,999,488,1000
PdomSCFr1.2-0533,6098,1653,6126,997,262,1000,998,222,1000
PdomSCFr1.2-0534,6098,1738,6099,1000,236,1000,999,277,1000
PdomSCFr1.2-0535,5441,1872,6255,996,348,1000,1000,396,1000
PdomSCFr1.2-0536,6038,1933,6049,1000,257,1000,1000,331,1000
PdomSCFr1.2-0537,5438,2140,6071,784,327,1000,1000,422,1000
PdomSCFr1.2-0538,5331,2454,5957,1000,516,1000,985,293,1000
PdomSCFr1.2-0539,5080,2058,6583,998,509,1000,1000,349,1000
PdomSCFr1.2-0540,5382,2260,6469,995,500,1000,1000,348,1000
PdomSCFr1.2-0541,5967,2331,5980,994,353,1000,1000,386,1000
PdomSCFr1.2-0542,5205,1862,5943,1000,333,1000,1000,330,1000
PdomSCFr1.2-0543,5931,1989,5937,1000,336,1000,994,338,1000
PdomSCFr1.2-0544,5206,1389,6092,1000,241,1000,1000,322,1000
PdomSCFr1.2-0545,5914,1856,5921,996,429,1000,998,336,1000
PdomSCFr1.2-0546,5896,1648,5896,1000,324,1000,1000,283,1000
PdomSCFr1.2-0547,4932,1809,5597,995,279,1000,994,501,1000
PdomSCFr1.2-0548,5803,2017,5810,1000,300,1000,998,360,1000
PdomSCFr1.2-0549,5546,2174,5805,1000,356,1000,1000,361,1000
PdomSCFr1.2-0550,5839,1955,5839,1000,274,1000,1000,288,1000
PdomSCFr1.2-0551,6073,2008,13618,1000,265,1000,1000,415,1000
PdomSCFr1.2-0552,4969,1170,4987,1000,213,1000,995,338,1000
PdomSCFr1.2-0553,5799,1729,5805,1000,275,1000,999,346,1000
PdomSCFr1.2-0554,5803,2091,5818,1000,234,1000,1000,416,1000
PdomSCFr1.2-0555,5681,2049,5712,1000,413,1000,997,373,1000
PdomSCFr1.2-0556,5705,1570,5722,1000,236,1000,999,273,1000
PdomSCFr1.2-0557,5891,1936,5899,999,333,1000,999,272,1000
PdomSCFr1.2-0558,5771,2067,5771,1000,308,1000,1000,413,1000
PdomSCFr1.2-0559,5323,1675,5762,999,342,1000,828,255,1000
PdomSCFr1.2-0560,5737,1872,5745,997,241,1000,997,333,1000
PdomSCFr1.2-0561,5684,2968,5738,1000,364,1000,1000,535,1000
PdomSCFr1.2-0562,5742,1552,5742,1000,275,1000,1000,306,1000
PdomSCFr1.2-0563,5703,2984,5724,997,387,1000,992,542,1000
PdomSCFr1.2-0564,5718,1834,5721,997,368,1000,1000,353,1000
PdomSCFr1.2-0565,5549,2268,5744,1000,507,1000,1000,309,1000
PdomSCFr1.2-0566,8554,2653,10664,1000,301,1000,1000,256,1000
PdomSCFr1.2-0567,5164,2152,5846,999,418,1000,990,302,1000
PdomSCFr1.2-0568,5356,2016,5969,1000,347,1000,999,366,1000
PdomSCFr1.2-0569,5517,1515,6005,985,317,1000,997,304,1000
PdomSCFr1.2-0570,4302,1157,6837,1000,301,1000,1000,245,1000
PdomSCFr1.2-0571,5554,1940,5569,998,362,1000,1000,387,1000
PdomSCFr1.2-0572,5552,1596,5553,1000,330,1000,1000,316,1000
PdomSCFr1.2-0573,5233,1105,6108,1000,214,1000,1000,220,1000
PdomSCFr1.2-0574,5524,2093,5554,1000,445,1000,988,398,1000
PdomSCFr1.2-0575,5473,1203,5473,1000,226,1000,1000,242,1000
PdomSCFr1.2-0576,5474,1597,5477,1000,240,1000,998,266,1000
PdomSCFr1.2-0577,5464,1532,5464,1000,166,1000,1000,386,1000
PdomSCFr1.2-0578,5530,2406,5547,999,569,1000,1000,255,1000
PdomSCFr1.2-0579,5524,1701,5530,1000,250,1000,1000,301,1000
PdomSCFr1.2-0580,5336,1548,5540,998,289,1000,994,302,1000
PdomSCFr1.2-0581,5357,1725,5383,997,309,1000,994,282,1000
PdomSCFr1.2-0582,3894,1157,5464,1000,238,1000,1000,269,1000
PdomSCFr1.2-0583,5421,1313,5422,1000,238,1000,1000,276,1000
PdomSCFr1.2-0584,5349,2890,5354,1000,540,1000,999,561,1000
PdomSCFr1.2-0585,5403,1546,5405,1000,213,1000,999,310,1000
PdomSCFr1.2-0586,5182,1377,5377,1000,372,1000,1000,209,1000
PdomSCFr1.2-0587,4755,1965,5298,991,272,1000,994,404,1000
PdomSCFr1.2-0588,5080,1994,5385,996,376,1000,999,369,1000
PdomSCFr1.2-0589,4438,1350,5697,1000,273,1000,991,239,1000
PdomSCFr1.2-0590,3977,1160,5840,1000,298,1000,997,316,1000
PdomSCFr1.2-0591,5320,1178,5320,1000,239,1000,1000,231,1000
PdomSCFr1.2-0592,5319,1178,5319,1000,239,1000,1000,231,1000
PdomSCFr1.2-0593,4097,923,4655,994,251,1000,998,216,1000
PdomSCFr1.2-0594,4970,1776,5290,998,385,1000,999,285,1000
PdomSCFr1.2-0595,4427,1278,5276,997,313,1000,797,203,1000
PdomSCFr1.2-0596,4864,1362,5247,999,314,1000,964,239,1000
PdomSCFr1.2-0597,5273,1166,5273,1000,227,1000,1000,225,1000
PdomSCFr1.2-0598,5678,1531,16279,1000,211,1000,667,204,1000
PdomSCFr1.2-0599,5227,1477,5241,998,291,1000,999,277,1000
PdomSCFr1.2-0600,5161,1407,5168,996,260,1000,999,254,1000
PdomSCFr1.2-0601,5149,2514,5183,989,375,1000,995,507,1000
PdomSCFr1.2-0602,5181,1817,5181,1000,372,1000,1000,369,1000
PdomSCFr1.2-0603,3524,1321,5501,1000,305,1000,999,413,1000
PdomSCFr1.2-0604,4299,1429,4842,1000,366,1000,990,328,1000
PdomSCFr1.2-0605,5141,1581,5143,1000,297,1000,1000,335,1000
PdomSCFr1.2-0606,5307,1839,5319,997,290,1000,999,366,1000
PdomSCFr1.2-0607,3911,1491,4985,1000,419,1000,992,374,1000
PdomSCFr1.2-0608,4041,1545,5093,997,407,1000,997,383,1000
PdomSCFr1.2-0609,5068,1394,5068,1000,231,1000,1000,311,1000
PdomSCFr1.2-0610,4796,1261,5052,1000,289,1000,1000,201,1000
PdomSCFr1.2-0611,3483,726,3937,1000,208,1000,700,145,1000
PdomSCFr1.2-0612,3358,912,5628,1000,238,1000,993,266,1000
PdomSCFr1.2-0613,5117,1731,5123,999,373,1000,999,266,1000
PdomSCFr1.2-0614,5009,1358,5017,998,299,1000,998,247,1000
PdomSCFr1.2-0615,5032,882,5032,1000,193,1000,1000,197,1000
PdomSCFr1.2-0616,4970,1704,4988,997,583,1000,998,320,1000
PdomSCFr1.2-0617,4473,1511,5127,365,106,1000,995,456,1000
PdomSCFr1.2-0618,4973,2027,4975,998,356,1000,1000,391,1000
PdomSCFr1.2-0619,4977,1327,4980,1000,207,1000,1000,226,1000
PdomSCFr1.2-0620,4976,1772,4976,1000,361,1000,1000,361,1000
PdomSCFr1.2-0621,4964,1956,4964,1000,350,1000,1000,304,1000
PdomSCFr1.2-0622,4899,1420,4899,1000,265,1000,1000,324,1000
PdomSCFr1.2-0623,8869,2888,15054,1000,358,1000,988,304,1000
PdomSCFr1.2-0624,4953,1128,4954,1000,179,1000,1000,273,1000
PdomSCFr1.2-0625,4219,1312,5038,1000,323,1000,996,295,1000
PdomSCFr1.2-0626,4360,1181,5570,1000,205,1000,994,272,1000
PdomSCFr1.2-0627,4955,1904,4975,997,349,1000,999,407,1000
PdomSCFr1.2-0628,9939,4063,9950,999,271,1000,993,411,1000
PdomSCFr1.2-0629,4856,1054,4856,1000,217,1000,1000,216,1000
PdomSCFr1.2-0630,3672,1133,4806,995,281,1000,998,375,1000
PdomSCFr1.2-0631,3090,1166,4535,1000,497,1000,985,344,1000
PdomSCFr1.2-0632,4573,1337,4725,998,428,1000,1000,223,1000
PdomSCFr1.2-0633,4853,1351,4872,999,246,1000,986,264,1000
PdomSCFr1.2-0634,4313,1526,4785,1000,280,1000,971,297,1000
PdomSCFr1.2-0635,4783,1545,4783,1000,302,1000,1000,348,1000
PdomSCFr1.2-0636,4564,1717,4824,995,402,1000,980,277,1000
PdomSCFr1.2-0637,4608,1236,4848,1000,280,1000,1000,273,1000
PdomSCFr1.2-0638,4833,1381,4851,999,248,1000,998,296,1000
PdomSCFr1.2-0639,4810,1655,4835,999,354,1000,989,300,1000
PdomSCFr1.2-0640,4820,1457,4820,1000,349,1000,1000,297,1000
PdomSCFr1.2-0641,4313,1259,4758,1000,320,1000,1000,347,1000
PdomSCFr1.2-0642,4139,850,4729,999,203,1000,1000,196,1000
PdomSCFr1.2-0643,4670,1797,4786,1000,317,1000,990,415,1000
PdomSCFr1.2-0644,4726,1903,4733,1000,408,1000,998,412,1000
PdomSCFr1.2-0645,4692,1361,4711,996,294,1000,998,285,1000
PdomSCFr1.2-0646,4354,1262,4811,996,352,1000,716,156,1000
PdomSCFr1.2-0647,4742,1374,4744,1000,276,1000,999,299,1000
PdomSCFr1.2-0648,4845,1679,4856,998,359,1000,999,390,1000
PdomSCFr1.2-0649,10823,2922,10892,1000,272,1000,1000,340,1000
PdomSCFr1.2-0650,6303,1718,7889,1000,344,1000,998,249,1000
PdomSCFr1.2-0651,4631,1564,4631,1000,404,1000,1000,226,1000
PdomSCFr1.2-0652,2929,1266,4723,1000,440,1000,996,362,1000
PdomSCFr1.2-0653,4704,1282,4711,1000,297,1000,1000,301,1000
PdomSCFr1.2-0654,4635,1408,4641,997,337,1000,1000,269,1000
PdomSCFr1.2-0655,4614,1392,4615,999,226,1000,1000,272,1000
PdomSCFr1.2-0656,3649,947,4676,999,272,1000,1000,224,1000
PdomSCFr1.2-0657,4576,1466,4593,998,298,1000,995,263,1000
PdomSCFr1.2-0658,4587,1264,4588,1000,308,1000,999,275,1000
PdomSCFr1.2-0659,4516,1368,4572,1000,272,1000,999,287,1000
PdomSCFr1.2-0660,4563,1582,4564,1000,365,1000,1000,292,1000
PdomSCFr1.2-0661,4512,1967,4516,999,475,1000,998,417,1000
PdomSCFr1.2-0662,3900,1879,4556,999,257,1000,1000,558,1000
PdomSCFr1.2-0663,4512,1881,4520,1000,405,1000,993,397,1000
PdomSCFr1.2-0664,3611,1357,7069,1000,272,1000,999,327,1000
PdomSCFr1.2-0665,4499,1409,4502,1000,288,1000,1000,290,1000
PdomSCFr1.2-0666,4489,1201,4491,999,244,1000,999,270,1000
PdomSCFr1.2-0667,4472,1096,4490,991,201,1000,993,263,1000
PdomSCFr1.2-0668,4475,1342,4475,1000,297,1000,1000,368,1000
PdomSCFr1.2-0669,4424,1163,4461,997,249,1000,997,259,1000
PdomSCFr1.2-0670,2222,738,4274,1000,349,1000,998,333,1000
PdomSCFr1.2-0671,4437,1699,4446,992,334,1000,1000,380,1000
PdomSCFr1.2-0672,3877,1062,4416,1000,294,1000,1000,300,1000
PdomSCFr1.2-0673,4356,1269,4357,1000,249,1000,1000,331,1000
PdomSCFr1.2-0674,4078,1223,4406,997,305,1000,999,247,1000
PdomSCFr1.2-0675,4339,1385,4459,996,359,1000,997,284,1000
PdomSCFr1.2-0676,4374,1651,4391,1000,468,1000,993,282,1000
PdomSCFr1.2-0677,4385,1284,4391,1000,313,1000,999,260,1000
PdomSCFr1.2-0678,4382,1101,4382,1000,235,1000,1000,249,1000
PdomSCFr1.2-0679,4367,1230,4367,1000,255,1000,1000,269,1000
PdomSCFr1.2-0680,4366,1230,4366,1000,255,1000,1000,269,1000
PdomSCFr1.2-0681,3888,1239,4488,996,363,1000,619,199,1000
PdomSCFr1.2-0682,4317,1486,4346,1000,371,1000,996,260,1000
PdomSCFr1.2-0683,4300,1372,4300,1000,328,1000,1000,337,1000
PdomSCFr1.2-0684,3445,1145,4471,999,356,1000,1000,336,1000
PdomSCFr1.2-0685,4342,1158,4342,1000,247,1000,1000,259,1000
PdomSCFr1.2-0686,4246,870,4282,1000,127,1000,1000,216,1000
PdomSCFr1.2-0687,4353,1250,4355,999,218,1000,1000,301,1000
PdomSCFr1.2-0688,4322,1022,4323,1000,268,1000,1000,250,1000
PdomSCFr1.2-0689,4317,1277,4318,1000,304,1000,1000,294,1000
PdomSCFr1.2-0690,3999,1050,4274,1000,258,1000,1000,193,1000
PdomSCFr1.2-0691,4298,1250,4299,999,321,1000,1000,297,1000
PdomSCFr1.2-0692,4266,1321,4266,1000,278,1000,1000,367,1000
PdomSCFr1.2-0693,4261,1508,4267,1000,399,1000,999,274,1000
PdomSCFr1.2-0694,3796,1324,4420,994,370,1000,737,237,1000
PdomSCFr1.2-0695,4224,1840,4247,999,378,1000,1000,395,1000
PdomSCFr1.2-0696,3888,992,4299,1000,386,1000,998,209,1000
PdomSCFr1.2-0697,4226,1386,4226,1000,368,1000,1000,361,1000
PdomSCFr1.2-0698,4148,1061,4179,996,284,1000,993,219,1000
PdomSCFr1.2-0699,4024,1488,4151,1000,358,1000,996,389,1000
PdomSCFr1.2-0700,4070,1044,4145,925,232,1000,1000,253,1000
PdomSCFr1.2-0701,4056,1326,4074,1000,432,1000,998,221,1000
PdomSCFr1.2-0702,4121,1187,4191,1000,281,1000,1000,300,1000
PdomSCFr1.2-0703,4198,1381,4199,1000,391,1000,999,321,1000
PdomSCFr1.2-0704,4132,1552,4153,996,350,1000,998,354,1000
PdomSCFr1.2-0705,3813,819,7640,997,220,1000,614,134,1000
PdomSCFr1.2-0706,4127,1013,4127,1000,273,1000,1000,234,1000
PdomSCFr1.2-0707,4168,1332,4184,1000,361,1000,999,218,1000
PdomSCFr1.2-0708,4177,994,4177,1000,226,1000,1000,268,1000
PdomSCFr1.2-0709,3253,666,3700,564,113,1000,999,214,1000
PdomSCFr1.2-0710,4076,1099,4100,1000,253,1000,1000,221,1000
PdomSCFr1.2-0711,3102,663,5127,1000,215,1000,1000,207,1000
PdomSCFr1.2-0712,4094,1733,4126,993,418,1000,993,418,1000
PdomSCFr1.2-0713,4040,1399,4048,992,308,1000,1000,421,1000
PdomSCFr1.2-0714,4093,1241,4110,998,271,1000,994,342,1000
PdomSCFr1.2-0715,4125,1300,4126,1000,434,1000,1000,296,1000
PdomSCFr1.2-0716,4123,1253,4123,1000,273,1000,1000,330,1000
PdomSCFr1.2-0717,4076,1395,4076,1000,360,1000,1000,277,1000
PdomSCFr1.2-0718,3997,1335,4012,1000,344,1000,986,378,1000
PdomSCFr1.2-0719,4082,1045,4082,1000,248,1000,1000,211,1000
PdomSCFr1.2-0720,3399,704,4814,1000,213,1000,968,196,1000
PdomSCFr1.2-0721,3401,1374,4082,996,415,1000,997,423,1000
PdomSCFr1.2-0722,4029,1186,4029,1000,295,1000,1000,266,1000
PdomSCFr1.2-0723,3988,1200,4008,996,285,1000,988,278,1000
PdomSCFr1.2-0724,4006,1119,4007,1000,284,1000,1000,240,1000
PdomSCFr1.2-0725,2259,705,3387,1000,289,1000,1000,345,1000
PdomSCFr1.2-0726,4592,974,4611,1000,209,1000,983,212,1000
PdomSCFr1.2-0727,4001,1210,4005,998,343,1000,999,285,1000
PdomSCFr1.2-0728,2441,919,3985,1000,312,1000,991,399,1000
PdomSCFr1.2-0729,3988,1069,3988,1000,235,1000,1000,302,1000
PdomSCFr1.2-0730,3987,1069,3987,1000,302,1000,1000,235,1000
PdomSCFr1.2-0731,3938,1355,3949,998,365,1000,996,323,1000
PdomSCFr1.2-0732,3950,1383,3952,1000,387,1000,998,446,1000
PdomSCFr1.2-0733,3905,1201,3906,1000,323,1000,1000,298,1000
PdomSCFr1.2-0734,3941,1139,3948,996,325,1000,1000,226,1000
PdomSCFr1.2-0735,3923,1317,3928,995,396,1000,1000,258,1000
PdomSCFr1.2-0736,3760,1219,3867,982,354,1000,1000,314,1000
PdomSCFr1.2-0737,3909,1019,3929,995,227,1000,995,264,1000
PdomSCFr1.2-0738,3836,1064,3905,999,240,1000,997,254,1000
PdomSCFr1.2-0739,3822,1225,3899,997,320,1000,997,362,1000
PdomSCFr1.2-0740,3912,1702,3917,1000,418,1000,1000,437,1000
PdomSCFr1.2-0741,3912,991,3914,999,252,1000,1000,252,1000
PdomSCFr1.2-0742,3830,1230,3842,1000,333,1000,992,306,1000
PdomSCFr1.2-0743,3882,1108,3882,1000,363,1000,1000,243,1000
PdomSCFr1.2-0744,3822,1127,3831,1000,335,1000,997,266,1000
PdomSCFr1.2-0745,3822,1288,3835,999,348,1000,988,335,1000
PdomSCFr1.2-0746,3866,1081,3867,1000,361,1000,999,250,1000
PdomSCFr1.2-0747,4130,1392,4131,1000,473,1000,1000,261,1000
PdomSCFr1.2-0748,3912,756,3916,1000,256,1000,997,189,1000
PdomSCFr1.2-0749,3812,1008,3812,1000,265,1000,1000,304,1000
PdomSCFr1.2-0750,3690,1089,3752,1000,327,1000,998,255,1000
PdomSCFr1.2-0751,3831,1105,3834,1000,270,1000,999,301,1000
PdomSCFr1.2-0752,3694,800,3694,1000,217,1000,1000,221,1000
PdomSCFr1.2-0753,3751,1185,3752,1000,346,1000,1000,265,1000
PdomSCFr1.2-0754,3794,1062,3799,1000,266,1000,1000,289,1000
PdomSCFr1.2-0755,3721,1009,3722,999,290,1000,1000,215,1000
PdomSCFr1.2-0756,3757,1868,3758,999,444,1000,1000,599,1000
PdomSCFr1.2-0757,3740,1093,3750,997,312,1000,998,292,1000
PdomSCFr1.2-0758,3393,1845,3723,1000,588,1000,1000,508,1000
PdomSCFr1.2-0759,3865,1128,3876,999,318,1000,998,221,1000
PdomSCFr1.2-0760,3730,1700,3740,1000,288,1000,992,585,1000
PdomSCFr1.2-0761,3729,998,3738,998,301,1000,1000,264,1000
PdomSCFr1.2-0762,4241,1483,4255,994,413,1000,993,311,1000
PdomSCFr1.2-0763,3725,1253,3725,1000,410,1000,1000,337,1000
PdomSCFr1.2-0764,3680,1475,3706,997,375,1000,987,411,1000
PdomSCFr1.2-0765,3753,1141,3776,998,274,1000,998,373,1000
PdomSCFr1.2-0766,3145,893,3520,1000,295,1000,1000,244,1000
PdomSCFr1.2-0767,3678,1930,3684,996,402,1000,999,568,1000
PdomSCFr1.2-0768,3659,1144,3687,984,312,1000,1000,274,1000
PdomSCFr1.2-0769,3304,1158,3632,865,293,1000,997,325,1000
PdomSCFr1.2-0770,3681,1426,3683,1000,403,1000,1000,367,1000
PdomSCFr1.2-0771,3607,1058,3610,1000,249,1000,999,337,1000
PdomSCFr1.2-0772,3677,1340,3679,1000,389,1000,998,350,1000
PdomSCFr1.2-0773,2349,1011,4488,998,289,1000,990,551,1000
PdomSCFr1.2-0774,3615,923,3627,1000,225,1000,1000,282,1000
PdomSCFr1.2-0775,2515,767,3988,999,273,1000,996,286,1000
PdomSCFr1.2-0776,3546,1021,3561,996,333,1000,994,258,1000
PdomSCFr1.2-0777,3639,1121,3644,995,305,1000,1000,291,1000
PdomSCFr1.2-0778,3631,1214,3636,996,378,1000,1000,315,1000
PdomSCFr1.2-0779,3633,1256,3633,1000,362,1000,1000,290,1000
PdomSCFr1.2-0780,3447,783,3508,1000,225,1000,1000,228,1000
PdomSCFr1.2-0781,3566,1347,3566,1000,374,1000,1000,359,1000
PdomSCFr1.2-0782,3622,1789,3622,1000,495,1000,1000,467,1000
PdomSCFr1.2-0783,3607,969,3611,1000,222,1000,999,293,1000
PdomSCFr1.2-0784,3547,1213,3547,1000,330,1000,1000,335,1000
PdomSCFr1.2-0785,3245,1457,3553,997,460,1000,993,455,1000
PdomSCFr1.2-0786,3408,1781,3552,991,518,1000,995,533,1000
PdomSCFr1.2-0787,3553,1090,3571,986,272,1000,1000,319,1000
PdomSCFr1.2-0788,3303,1272,3538,1000,424,1000,1000,322,1000
PdomSCFr1.2-0789,3312,721,3499,815,181,1000,999,207,1000
PdomSCFr1.2-0790,3527,1008,3551,1000,252,1000,992,293,1000
PdomSCFr1.2-0791,3525,690,3525,1000,185,1000,1000,184,1000
PdomSCFr1.2-0792,3532,998,3532,1000,278,1000,1000,308,1000
PdomSCFr1.2-0793,3222,1093,3545,999,318,1000,678,225,1000
PdomSCFr1.2-0794,3285,665,3439,1000,205,1000,998,194,1000
PdomSCFr1.2-0795,3385,1698,3387,1000,536,1000,999,482,1000
PdomSCFr1.2-0796,3427,729,3428,1000,205,1000,999,217,1000
PdomSCFr1.2-0797,3094,865,3533,578,143,1000,991,401,1000
PdomSCFr1.2-0798,3473,1012,3482,996,277,1000,1000,233,1000
PdomSCFr1.2-0799,3419,1015,3424,998,242,1000,1000,337,1000
PdomSCFr1.2-0800,3474,1099,3481,998,282,1000,1000,300,1000
PdomSCFr1.2-0801,3027,1139,3542,1000,289,1000,821,383,1000
PdomSCFr1.2-0802,3445,1320,3464,993,348,1000,998,405,1000
PdomSCFr1.2-0803,3457,1066,3457,1000,314,1000,1000,274,1000
PdomSCFr1.2-0804,3348,1017,3349,1000,229,1000,999,298,1000
PdomSCFr1.2-0805,3358,769,3358,1000,253,1000,1000,206,1000
PdomSCFr1.2-0806,2779,878,3410,1000,320,1000,999,315,1000
PdomSCFr1.2-0807,3394,946,3403,996,246,1000,1000,292,1000
PdomSCFr1.2-0808,3253,1136,3372,1000,316,1000,993,346,1000
PdomSCFr1.2-0809,3400,1097,3400,1000,398,1000,1000,236,1000
PdomSCFr1.2-0810,3384,1078,3389,1000,362,1000,998,251,1000
PdomSCFr1.2-0811,3373,1328,3375,1000,261,1000,1000,501,1000
PdomSCFr1.2-0812,3409,1193,3770,998,310,1000,996,379,1000
PdomSCFr1.2-0813,3375,1083,3377,1000,203,1000,1000,327,1000
PdomSCFr1.2-0814,3255,1179,3272,1000,448,1000,992,369,1000
PdomSCFr1.2-0815,3248,930,3253,999,224,1000,999,340,1000
PdomSCFr1.2-0816,3303,928,3321,997,321,1000,997,250,1000
PdomSCFr1.2-0817,3505,626,3505,1000,133,1000,1000,165,1000
PdomSCFr1.2-0818,3338,779,3339,1000,243,1000,999,278,1000
PdomSCFr1.2-0819,3309,1585,3311,998,545,1000,1000,295,1000
PdomSCFr1.2-0820,3319,943,3321,999,256,1000,999,280,1000
PdomSCFr1.2-0821,3399,855,3400,1000,262,1000,1000,312,1000
PdomSCFr1.2-0822,3300,1021,3307,1000,329,1000,997,292,1000
PdomSCFr1.2-0823,3258,1095,3278,994,406,1000,992,337,1000
PdomSCFr1.2-0824,3280,781,3280,1000,191,1000,1000,286,1000
PdomSCFr1.2-0825,3086,870,3213,1000,233,1000,998,329,1000
PdomSCFr1.2-0826,3218,947,3222,999,285,1000,1000,278,1000
PdomSCFr1.2-0827,3176,657,3177,1000,203,1000,999,200,1000
PdomSCFr1.2-0828,3216,667,3216,1000,198,1000,1000,199,1000
PdomSCFr1.2-0829,2769,884,3139,1000,296,1000,996,313,1000
PdomSCFr1.2-0830,3107,1700,3113,997,581,1000,998,530,1000
PdomSCFr1.2-0831,2829,1144,3084,799,325,1000,998,386,1000
PdomSCFr1.2-0832,3279,1326,3303,998,303,1000,983,466,1000
PdomSCFr1.2-0833,3164,668,3164,1000,156,1000,1000,270,1000
PdomSCFr1.2-0834,3154,937,3154,1000,315,1000,1000,268,1000
PdomSCFr1.2-0835,3147,1126,3155,999,370,1000,1000,340,1000
PdomSCFr1.2-0836,3140,893,3140,1000,228,1000,1000,357,1000
PdomSCFr1.2-0837,3121,969,3122,1000,311,1000,1000,315,1000
PdomSCFr1.2-0838,3049,998,3121,998,376,1000,931,267,1000
PdomSCFr1.2-0839,3127,960,3127,1000,307,1000,1000,270,1000
PdomSCFr1.2-0840,3095,1176,3095,1000,418,1000,1000,377,1000
PdomSCFr1.2-0841,5640,1755,5645,998,297,1000,1000,283,1000
PdomSCFr1.2-0842,3119,1192,3128,993,362,1000,1000,429,1000
PdomSCFr1.2-0843,3114,808,3115,1000,258,1000,999,275,1000
PdomSCFr1.2-0844,3097,830,3100,998,280,1000,1000,293,1000
PdomSCFr1.2-0845,3108,777,3109,1000,256,1000,999,250,1000
PdomSCFr1.2-0846,3046,1200,3057,995,409,1000,999,388,1000
PdomSCFr1.2-0847,3002,1208,3119,1000,286,1000,993,537,1000
PdomSCFr1.2-0848,3076,974,3082,997,334,1000,999,393,1000
PdomSCFr1.2-0849,2955,852,3062,997,270,1000,896,230,1000
PdomSCFr1.2-0850,3057,907,3060,1000,286,1000,999,291,1000
PdomSCFr1.2-0851,3048,807,3054,998,246,1000,997,278,1000
PdomSCFr1.2-0852,3042,913,3043,999,286,1000,1000,288,1000
PdomSCFr1.2-0853,2982,1012,2982,1000,287,1000,1000,347,1000
PdomSCFr1.2-0854,2438,558,2902,1000,218,1000,999,245,1000
PdomSCFr1.2-0855,3024,936,3029,997,343,1000,1000,254,1000
PdomSCFr1.2-0856,2955,1267,2959,999,442,1000,997,363,1000
PdomSCFr1.2-0857,2965,792,2974,996,267,1000,998,278,1000
PdomSCFr1.2-0858,2809,1205,2991,998,495,1000,1000,308,1000
PdomSCFr1.2-0859,2965,798,2968,997,214,1000,1000,299,1000
PdomSCFr1.2-0860,3365,1229,3380,999,317,1000,997,430,1000
PdomSCFr1.2-0861,2952,1054,2952,1000,384,1000,1000,329,1000
PdomSCFr1.2-0862,2912,840,2912,1000,288,1000,1000,249,1000
PdomSCFr1.2-0863,2929,1181,2935,996,293,1000,1000,320,1000
PdomSCFr1.2-0864,2925,609,2925,1000,213,1000,1000,204,1000
PdomSCFr1.2-0865,2924,670,2924,1000,201,1000,1000,245,1000
PdomSCFr1.2-0866,2842,911,2854,994,279,1000,996,367,1000
PdomSCFr1.2-0867,2917,1035,2917,1000,385,1000,1000,320,1000
PdomSCFr1.2-0868,2904,706,2910,1000,287,1000,996,217,1000
PdomSCFr1.2-0869,2890,1122,2895,998,373,1000,1000,384,1000
PdomSCFr1.2-0870,2891,1055,2891,1000,430,1000,1000,283,1000
PdomSCFr1.2-0871,2884,807,2884,1000,267,1000,1000,303,1000
PdomSCFr1.2-0872,2822,1290,2822,1000,557,1000,1000,361,1000
PdomSCFr1.2-0873,2879,805,2879,1000,267,1000,1000,303,1000
PdomSCFr1.2-0874,2871,625,2871,1000,193,1000,1000,304,1000
PdomSCFr1.2-0875,2869,923,2869,1000,326,1000,1000,345,1000
PdomSCFr1.2-0876,3751,756,9777,993,202,1000,999,209,1000
PdomSCFr1.2-0877,2808,1467,2812,998,544,1000,1000,475,1000
PdomSCFr1.2-0878,3960,1123,4076,1000,255,1000,1000,210,1000
PdomSCFr1.2-0879,2776,945,2778,1000,328,1000,1000,354,1000
PdomSCFr1.2-0880,2854,1160,2854,1000,389,1000,1000,485,1000
PdomSCFr1.2-0881,2824,800,2824,1000,274,1000,1000,307,1000
PdomSCFr1.2-0882,2729,801,2729,1000,302,1000,1000,273,1000
PdomSCFr1.2-0883,2814,851,2814,1000,290,1000,1000,372,1000
PdomSCFr1.2-0884,2817,949,2817,1000,337,1000,1000,348,1000
PdomSCFr1.2-0885,2816,1211,2816,1000,428,1000,1000,422,1000
PdomSCFr1.2-0886,2784,972,2786,999,319,1000,999,422,1000
PdomSCFr1.2-0887,2767,751,2767,1000,267,1000,1000,249,1000
PdomSCFr1.2-0888,2506,506,2594,1000,199,1000,1000,206,1000
PdomSCFr1.2-0889,2639,862,2947,983,291,1000,998,367,1000
PdomSCFr1.2-0890,2670,724,2677,999,270,1000,999,300,1000
PdomSCFr1.2-0891,2742,1055,2742,1000,303,1000,1000,465,1000
PdomSCFr1.2-0892,2725,1027,2742,988,433,1000,1000,268,1000
PdomSCFr1.2-0893,2701,752,2706,999,298,1000,996,251,1000
PdomSCFr1.2-0894,2673,951,2684,1000,315,1000,992,392,1000
PdomSCFr1.2-0895,2737,863,2737,1000,348,1000,1000,309,1000
PdomSCFr1.2-0896,2731,698,2731,1000,273,1000,1000,231,1000
PdomSCFr1.2-0897,2731,877,2732,999,380,1000,1000,321,1000
PdomSCFr1.2-0898,2725,609,2731,999,236,1000,1000,240,1000
PdomSCFr1.2-0899,2669,806,2670,999,317,1000,1000,243,1000
PdomSCFr1.2-0900,2714,852,2714,1000,321,1000,1000,250,1000
PdomSCFr1.2-0901,2726,872,2726,1000,312,1000,1000,330,1000
PdomSCFr1.2-0902,2725,872,2726,1000,330,1000,999,312,1000
PdomSCFr1.2-0903,2642,1057,2662,995,406,1000,991,375,1000
PdomSCFr1.2-0904,2693,981,2694,1000,350,1000,999,358,1000
PdomSCFr1.2-0905,2695,1537,2708,996,561,1000,994,564,1000
PdomSCFr1.2-0906,2647,1385,2651,997,491,1000,999,536,1000
PdomSCFr1.2-0907,2686,877,2697,994,364,1000,997,301,1000
PdomSCFr1.2-0908,3350,1132,3355,1000,321,1000,1000,264,1000
PdomSCFr1.2-0909,2714,689,2719,999,254,1000,998,222,1000
PdomSCFr1.2-0910,2689,826,2691,1000,345,1000,998,243,1000
PdomSCFr1.2-0911,2688,817,2688,1000,329,1000,1000,256,1000
PdomSCFr1.2-0912,2662,889,2683,994,336,1000,992,318,1000
PdomSCFr1.2-0913,2663,1042,2673,998,369,1000,994,387,1000
PdomSCFr1.2-0914,2675,706,2675,1000,247,1000,1000,275,1000
PdomSCFr1.2-0915,2635,755,2670,1000,300,1000,1000,375,1000
PdomSCFr1.2-0916,2643,681,2648,1000,273,1000,995,231,1000
PdomSCFr1.2-0917,2666,811,2666,1000,323,1000,1000,310,1000
PdomSCFr1.2-0918,2617,911,2629,995,312,1000,998,375,1000
PdomSCFr1.2-0919,2631,768,2653,994,234,1000,992,330,1000
PdomSCFr1.2-0920,2644,1518,2648,997,591,1000,999,555,1000
PdomSCFr1.2-0921,2578,993,2594,998,378,1000,991,376,1000
PdomSCFr1.2-0922,2627,654,2632,996,259,1000,1000,244,1000
PdomSCFr1.2-0923,2596,932,2609,987,393,1000,1000,346,1000
PdomSCFr1.2-0924,1809,593,1811,1000,253,1000,998,411,1000
PdomSCFr1.2-0925,2633,724,2633,1000,192,1000,1000,326,1000
PdomSCFr1.2-0926,2629,1214,2631,1000,488,1000,998,420,1000
PdomSCFr1.2-0927,2032,425,2399,902,200,1000,996,196,1000
PdomSCFr1.2-0928,2244,818,2450,990,350,1000,987,387,1000
PdomSCFr1.2-0929,2586,768,2602,994,244,1000,994,359,1000
PdomSCFr1.2-0930,2616,717,2618,1000,290,1000,999,248,1000
PdomSCFr1.2-0931,2543,912,2549,997,377,1000,997,306,1000
PdomSCFr1.2-0932,2597,975,2605,998,366,1000,997,377,1000
PdomSCFr1.2-0933,2353,713,2578,995,300,1000,986,298,1000
PdomSCFr1.2-0934,2592,1006,2599,1000,417,1000,997,342,1000
PdomSCFr1.2-0935,2526,949,2538,995,366,1000,998,408,1000
PdomSCFr1.2-0936,2569,720,2576,1000,315,1000,993,260,1000
PdomSCFr1.2-0937,2595,495,2595,1000,228,1000,1000,81,1000
PdomSCFr1.2-0938,2567,666,2571,1000,219,1000,996,323,1000
PdomSCFr1.2-0939,2577,775,2585,998,327,1000,998,292,1000
PdomSCFr1.2-0940,2543,677,2548,996,250,1000,999,311,1000
PdomSCFr1.2-0941,2546,965,2576,970,392,1000,1000,351,1000
PdomSCFr1.2-0942,2552,909,2574,997,375,1000,990,350,1000
PdomSCFr1.2-0943,2554,796,2565,994,366,1000,997,249,1000
PdomSCFr1.2-0944,4240,1020,9311,1000,255,1000,1000,266,1000
PdomSCFr1.2-0945,2547,1234,2561,998,535,1000,992,397,1000
PdomSCFr1.2-0946,2505,763,2505,1000,221,1000,1000,430,1000
PdomSCFr1.2-0947,2557,723,2558,999,252,1000,1000,291,1000
PdomSCFr1.2-0948,2538,657,2555,991,325,1000,997,216,1000
PdomSCFr1.2-0949,2498,776,2505,994,233,1000,999,411,1000
PdomSCFr1.2-0950,2518,898,2519,1000,313,1000,999,349,1000
PdomSCFr1.2-0951,2524,748,2527,997,288,1000,1000,294,1000
PdomSCFr1.2-0952,2520,741,2522,1000,269,1000,1000,361,1000
PdomSCFr1.2-0953,2503,736,2514,995,303,1000,998,289,1000
PdomSCFr1.2-0954,2501,746,2510,999,289,1000,993,315,1000
PdomSCFr1.2-0955,2460,911,2461,1000,402,1000,999,343,1000
PdomSCFr1.2-0956,2414,503,2414,1000,218,1000,1000,208,1000
PdomSCFr1.2-0957,2477,1183,2491,1000,384,1000,994,585,1000
PdomSCFr1.2-0958,2439,389,2442,1000,150,1000,997,163,1000
PdomSCFr1.2-0959,2397,703,2419,995,271,1000,998,319,1000
PdomSCFr1.2-0960,2417,519,2418,1000,224,1000,999,206,1000
PdomSCFr1.2-0961,2466,944,2475,996,257,1000,998,524,1000
PdomSCFr1.2-0962,2395,988,2420,980,386,1000,997,422,1000
PdomSCFr1.2-0963,2458,1044,2467,1000,425,1000,991,415,1000
PdomSCFr1.2-0964,2462,590,2462,1000,271,1000,1000,227,1000
PdomSCFr1.2-0965,2445,557,2449,1000,215,1000,997,255,1000
PdomSCFr1.2-0966,2458,690,2458,1000,258,1000,1000,272,1000
PdomSCFr1.2-0967,2453,573,2456,999,197,1000,1000,309,1000
PdomSCFr1.2-0968,2524,582,2528,997,237,1000,999,222,1000
PdomSCFr1.2-0969,2401,573,2401,1000,232,1000,1000,251,1000
PdomSCFr1.2-0970,2450,644,2451,999,251,1000,1000,266,1000
PdomSCFr1.2-0971,2379,813,2379,1000,358,1000,1000,340,1000
PdomSCFr1.2-0972,2387,692,2389,1000,284,1000,998,299,1000
PdomSCFr1.2-0973,2411,862,2428,996,307,1000,989,393,1000
PdomSCFr1.2-0974,2427,750,2433,999,331,1000,996,321,1000
PdomSCFr1.2-0975,2421,853,2428,996,419,1000,997,294,1000
PdomSCFr1.2-0976,2425,1109,2427,998,465,1000,1000,444,1000
PdomSCFr1.2-0977,2422,813,2423,1000,311,1000,999,383,1000
PdomSCFr1.2-0978,2415,833,2419,1000,314,1000,1000,389,1000
PdomSCFr1.2-0979,2400,827,2416,996,336,1000,994,356,1000
PdomSCFr1.2-0980,2370,716,2378,996,322,1000,996,245,1000
PdomSCFr1.2-0981,2395,888,2413,994,364,1000,994,353,1000
PdomSCFr1.2-0982,2402,856,2406,1000,376,1000,996,347,1000
PdomSCFr1.2-0983,2391,808,2399,998,244,1000,997,395,1000
PdomSCFr1.2-0984,2385,704,2386,1000,370,1000,1000,219,1000
PdomSCFr1.2-0985,2386,1109,2386,1000,480,1000,1000,444,1000
PdomSCFr1.2-0986,2343,982,2347,999,417,1000,998,412,1000
PdomSCFr1.2-0987,2381,892,2382,999,402,1000,1000,335,1000
PdomSCFr1.2-0988,2372,642,2375,998,233,1000,1000,311,1000
PdomSCFr1.2-0989,2364,961,2372,998,407,1000,999,388,1000
PdomSCFr1.2-0990,2365,571,2371,1000,253,1000,994,220,1000
PdomSCFr1.2-0991,2358,682,2358,1000,341,1000,1000,238,1000
PdomSCFr1.2-0992,2364,571,2370,1000,253,1000,994,220,1000
PdomSCFr1.2-0993,2365,664,2369,999,308,1000,1000,249,1000
PdomSCFr1.2-0994,2353,644,2353,1000,262,1000,1000,272,1000
PdomSCFr1.2-0995,2295,963,2295,1000,397,1000,1000,447,1000
PdomSCFr1.2-0996,2345,655,2349,999,321,1000,1000,239,1000
PdomSCFr1.2-0997,2335,692,2335,1000,263,1000,1000,329,1000
PdomSCFr1.2-0998,2344,725,2349,998,302,1000,998,326,1000
PdomSCFr1.2-0999,2320,674,2320,1000,286,1000,1000,262,1000
PdomSCFr1.2-1000,2318,538,2321,999,236,1000,1000,186,1000
PdomSCFr1.2-1001,2339,844,2341,1000,361,1000,998,376,1000
PdomSCFr1.2-1002,2327,687,2334,1000,217,1000,993,363,1000
PdomSCFr1.2-1003,2318,738,2336,984,282,1000,998,369,1000
PdomSCFr1.2-1004,2329,448,2329,1000,202,1000,1000,201,1000
PdomSCFr1.2-1005,2244,700,2244,1000,285,1000,1000,321,1000
PdomSCFr1.2-1006,1902,551,2357,1000,230,1000,545,224,1000
PdomSCFr1.2-1007,2238,1053,2242,998,530,1000,999,413,1000
PdomSCFr1.2-1008,2274,809,2290,1000,378,1000,991,335,1000
PdomSCFr1.2-1009,2283,643,2285,1000,272,1000,998,304,1000
PdomSCFr1.2-1010,2286,608,2287,1000,247,1000,1000,292,1000
PdomSCFr1.2-1011,2285,635,2285,1000,249,1000,1000,317,1000
PdomSCFr1.2-1012,2277,850,2283,999,381,1000,1000,354,1000
PdomSCFr1.2-1013,2272,762,2280,998,345,1000,996,352,1000
PdomSCFr1.2-1014,2278,806,2280,999,366,1000,999,360,1000
PdomSCFr1.2-1015,2218,901,2219,1000,417,1000,999,400,1000
PdomSCFr1.2-1016,2278,606,2278,1000,255,1000,1000,300,1000
PdomSCFr1.2-1017,2274,596,2274,1000,242,1000,1000,287,1000
PdomSCFr1.2-1018,2264,392,2264,1000,139,1000,1000,213,1000
PdomSCFr1.2-1019,2204,524,2204,1000,238,1000,1000,236,1000
PdomSCFr1.2-1020,2254,545,2254,1000,212,1000,1000,268,1000
PdomSCFr1.2-1021,2251,652,2251,1000,210,1000,1000,358,1000
PdomSCFr1.2-1022,2084,663,2227,1000,330,1000,997,298,1000
PdomSCFr1.2-1023,2189,552,2204,995,255,1000,992,231,1000
PdomSCFr1.2-1024,2240,627,2247,994,260,1000,1000,313,1000
PdomSCFr1.2-1025,2240,699,2240,1000,324,1000,1000,298,1000
PdomSCFr1.2-1026,2205,789,2209,1000,318,1000,996,418,1000
PdomSCFr1.2-1027,2997,617,6330,341,69,1000,999,202,1000
PdomSCFr1.2-1028,2227,821,2232,999,362,1000,997,367,1000
PdomSCFr1.2-1029,2178,1049,2184,1000,573,1000,995,397,1000
PdomSCFr1.2-1030,1802,423,2143,760,182,1000,999,229,1000
PdomSCFr1.2-1031,1999,817,2192,998,438,1000,874,328,1000
PdomSCFr1.2-1032,2124,802,2338,790,313,1000,997,369,1000
PdomSCFr1.2-1033,2211,747,2211,1000,342,1000,1000,334,1000
PdomSCFr1.2-1034,2183,669,2184,999,292,1000,1000,328,1000
PdomSCFr1.2-1035,2211,630,2216,997,317,1000,999,224,1000
PdomSCFr1.2-1036,2199,826,2199,1000,413,1000,1000,365,1000
PdomSCFr1.2-1037,2159,1237,2166,993,566,1000,1000,573,1000
PdomSCFr1.2-1038,2189,826,2197,997,387,1000,996,365,1000
PdomSCFr1.2-1039,2124,890,2124,1000,324,1000,1000,502,1000
PdomSCFr1.2-1040,2175,626,2178,999,255,1000,998,323,1000
PdomSCFr1.2-1041,2163,768,2167,1000,310,1000,996,406,1000
PdomSCFr1.2-1042,2165,607,2176,997,293,1000,992,257,1000
PdomSCFr1.2-1043,2175,491,2175,1000,241,1000,1000,245,1000
PdomSCFr1.2-1044,2009,519,2099,1000,244,1000,1000,274,1000
PdomSCFr1.2-1045,2163,603,2165,999,290,1000,1000,274,1000
PdomSCFr1.2-1046,2141,773,2143,999,369,1000,999,360,1000
PdomSCFr1.2-1047,2157,597,2161,998,280,1000,999,289,1000
PdomSCFr1.2-1048,2142,867,2152,996,450,1000,994,363,1000
PdomSCFr1.2-1049,2112,619,2140,980,286,1000,992,293,1000
PdomSCFr1.2-1050,2123,770,2140,997,361,1000,987,349,1000
PdomSCFr1.2-1051,2133,879,2133,1000,404,1000,1000,397,1000
PdomSCFr1.2-1052,2129,668,2136,996,278,1000,997,342,1000
PdomSCFr1.2-1053,2132,803,2136,997,386,1000,999,370,1000
PdomSCFr1.2-1054,2123,527,2123,1000,192,1000,1000,276,1000
PdomSCFr1.2-1055,2102,768,2105,998,324,1000,999,396,1000
PdomSCFr1.2-1056,2280,545,2287,998,216,1000,995,286,1000
PdomSCFr1.2-1057,2110,521,2116,996,256,1000,998,243,1000
PdomSCFr1.2-1058,1760,541,2240,1000,320,1000,633,164,1000
PdomSCFr1.2-1059,2088,650,2102,998,358,1000,990,268,1000
PdomSCFr1.2-1060,2086,624,2103,999,261,1000,985,327,1000
PdomSCFr1.2-1061,2088,598,2088,1000,286,1000,1000,275,1000
PdomSCFr1.2-1062,2088,610,2088,1000,314,1000,1000,279,1000
PdomSCFr1.2-1063,2069,764,2075,996,395,1000,998,338,1000
PdomSCFr1.2-1064,2025,691,2025,1000,347,1000,1000,332,1000
PdomSCFr1.2-1065,2072,434,2075,997,209,1000,1000,210,1000
PdomSCFr1.2-1066,2075,698,2081,997,299,1000,997,369,1000
PdomSCFr1.2-1067,1760,650,2068,996,380,1000,696,257,1000
PdomSCFr1.2-1068,2076,690,2076,1000,320,1000,1000,348,1000
PdomSCFr1.2-1069,2147,649,2156,996,290,1000,998,311,1000
PdomSCFr1.2-1070,2064,851,2068,998,443,1000,998,386,1000
PdomSCFr1.2-1071,2059,657,2067,998,310,1000,994,323,1000
PdomSCFr1.2-1072,1992,844,1997,998,481,1000,997,364,1000
PdomSCFr1.2-1073,2049,634,2057,997,290,1000,995,319,1000
PdomSCFr1.2-1074,2019,556,2022,998,270,1000,999,284,1000
PdomSCFr1.2-1075,2049,640,2051,998,296,1000,1000,330,1000
PdomSCFr1.2-1076,2045,613,2048,1000,266,1000,997,334,1000
PdomSCFr1.2-1077,1821,659,2082,739,242,1000,1000,376,1000
PdomSCFr1.2-1078,2015,734,2019,1000,385,1000,996,337,1000
PdomSCFr1.2-1079,1974,510,1974,1000,272,1000,1000,247,1000
PdomSCFr1.2-1080,2025,782,2026,999,361,1000,1000,412,1000
PdomSCFr1.2-1081,1985,976,1986,1000,487,1000,999,497,1000
PdomSCFr1.2-1082,2010,860,2010,1000,443,1000,1000,415,1000
PdomSCFr1.2-1083,1945,722,1954,999,360,1000,992,376,1000
PdomSCFr1.2-1084,1990,474,1991,1000,229,1000,999,247,1000
PdomSCFr1.2-1085,1992,525,1992,1000,237,1000,1000,289,1000
PdomSCFr1.2-1086,2193,873,2206,996,392,1000,993,394,1000
PdomSCFr1.2-1087,1987,549,1987,1000,371,1000,1000,181,1000
PdomSCFr1.2-1088,1979,606,1979,1000,326,1000,1000,293,1000
PdomSCFr1.2-1089,1914,701,1918,1000,388,1000,996,344,1000
PdomSCFr1.2-1090,1958,502,1958,1000,219,1000,1000,288,1000
PdomSCFr1.2-1091,1973,567,1973,1000,282,1000,1000,299,1000
PdomSCFr1.2-1092,1972,518,1972,1000,271,1000,1000,256,1000
PdomSCFr1.2-1093,1935,592,1935,1000,336,1000,1000,273,1000
PdomSCFr1.2-1094,1949,445,1949,1000,219,1000,1000,234,1000
PdomSCFr1.2-1095,1951,581,1951,1000,239,1000,1000,358,1000
PdomSCFr1.2-1096,1949,573,1952,999,322,1000,998,270,1000
PdomSCFr1.2-1097,1948,708,1948,1000,432,1000,1000,289,1000
PdomSCFr1.2-1098,1946,409,1946,1000,217,1000,1000,200,1000
PdomSCFr1.2-1099,1930,1132,1931,1000,569,1000,999,606,1000
PdomSCFr1.2-1100,1918,702,1927,997,401,1000,994,336,1000
PdomSCFr1.2-1101,1924,749,1928,996,427,1000,1000,353,1000
PdomSCFr1.2-1102,1916,588,1927,991,253,1000,997,347,1000
PdomSCFr1.2-1103,1862,550,1865,999,323,1000,998,256,1000
PdomSCFr1.2-1104,1903,592,1918,988,311,1000,997,306,1000
PdomSCFr1.2-1105,1811,496,1815,1000,265,1000,996,297,1000
PdomSCFr1.2-1106,1856,789,1860,998,492,1000,998,374,1000
PdomSCFr1.2-1107,1887,696,1900,992,395,1000,995,342,1000
PdomSCFr1.2-1108,1893,559,1899,997,266,1000,996,324,1000
PdomSCFr1.2-1109,1873,416,1878,996,226,1000,995,215,1000
PdomSCFr1.2-1110,1896,626,1896,1000,291,1000,1000,352,1000
PdomSCFr1.2-1111,1874,650,1893,997,346,1000,984,342,1000
PdomSCFr1.2-1112,1857,524,1864,996,338,1000,997,233,1000
PdomSCFr1.2-1113,1866,838,1876,995,448,1000,995,442,1000
PdomSCFr1.2-1114,4135,840,9610,999,191,1000,998,181,1000
PdomSCFr1.2-1115,1805,510,1813,1000,317,1000,992,256,1000
PdomSCFr1.2-1116,1706,561,1706,1000,325,1000,1000,328,1000
PdomSCFr1.2-1117,1880,423,1880,1000,221,1000,1000,232,1000
PdomSCFr1.2-1118,1783,379,1783,1000,217,1000,1000,211,1000
PdomSCFr1.2-1119,1862,483,1875,992,294,1000,995,223,1000
PdomSCFr1.2-1120,1828,477,1830,999,264,1000,999,251,1000
PdomSCFr1.2-1121,1868,471,1869,999,244,1000,1000,248,1000
PdomSCFr1.2-1122,1864,525,1865,1000,251,1000,999,305,1000
PdomSCFr1.2-1123,1831,466,1831,1000,275,1000,1000,250,1000
PdomSCFr1.2-1124,1802,592,1807,997,352,1000,998,294,1000
PdomSCFr1.2-1125,1836,517,1855,986,260,1000,992,284,1000
PdomSCFr1.2-1126,1849,478,1853,1000,224,1000,996,288,1000
PdomSCFr1.2-1127,1768,668,1768,1000,408,1000,1000,345,1000
PdomSCFr1.2-1128,1849,460,1849,1000,248,1000,1000,235,1000
PdomSCFr1.2-1129,1837,355,1837,1000,241,1000,1000,172,1000
PdomSCFr1.2-1130,1843,480,1843,1000,265,1000,1000,250,1000
PdomSCFr1.2-1131,1865,923,1869,999,510,1000,997,476,1000
PdomSCFr1.2-1132,1827,788,1841,990,424,1000,993,427,1000
PdomSCFr1.2-1133,1811,705,1827,997,346,1000,987,420,1000
PdomSCFr1.2-1134,1420,347,1818,604,194,1000,906,169,1000
PdomSCFr1.2-1135,1761,472,1778,983,252,1000,999,301,1000
PdomSCFr1.2-1136,1773,556,1773,1000,318,1000,1000,333,1000
PdomSCFr1.2-1137,1830,631,1830,1000,399,1000,1000,275,1000
PdomSCFr1.2-1138,1822,505,1827,996,260,1000,999,294,1000
PdomSCFr1.2-1139,1760,353,1760,1000,203,1000,1000,200,1000
PdomSCFr1.2-1140,1781,704,1781,1000,383,1000,1000,396,1000
PdomSCFr1.2-1141,1803,618,1814,992,275,1000,993,414,1000
PdomSCFr1.2-1142,1811,621,1813,999,342,1000,999,346,1000
PdomSCFr1.2-1143,1800,532,1812,989,320,1000,999,282,1000
PdomSCFr1.2-1144,1774,674,1779,995,365,1000,1000,387,1000
PdomSCFr1.2-1145,1745,798,1745,1000,454,1000,1000,463,1000
PdomSCFr1.2-1146,1802,419,1804,1000,242,1000,998,219,1000
PdomSCFr1.2-1147,1802,502,1802,1000,295,1000,1000,256,1000
PdomSCFr1.2-1148,1796,425,1796,1000,218,1000,1000,264,1000
PdomSCFr1.2-1149,1774,495,1774,1000,234,1000,1000,299,1000
PdomSCFr1.2-1150,1739,408,1739,1000,257,1000,1000,209,1000
PdomSCFr1.2-1151,1786,741,1796,994,423,1000,995,395,1000
PdomSCFr1.2-1152,1768,541,1773,1000,329,1000,995,291,1000
PdomSCFr1.2-1153,1785,643,1793,996,304,1000,994,386,1000
PdomSCFr1.2-1154,1785,415,1785,1000,269,1000,1000,215,1000
PdomSCFr1.2-1155,1781,472,1781,1000,282,1000,1000,262,1000
PdomSCFr1.2-1156,1790,215,1790,1000,146,1000,1000,119,1000
PdomSCFr1.2-1157,1787,452,1787,1000,247,1000,1000,244,1000
PdomSCFr1.2-1158,1746,373,1749,1000,218,1000,997,211,1000
PdomSCFr1.2-1159,1770,493,1776,995,246,1000,998,297,1000
PdomSCFr1.2-1160,1775,214,1775,1000,131,1000,1000,138,1000
PdomSCFr1.2-1161,1787,519,1787,1000,286,1000,1000,291,1000
PdomSCFr1.2-1162,1771,1040,1771,1000,564,1000,1000,608,1000
PdomSCFr1.2-1163,1775,531,1776,999,339,1000,1000,244,1000
PdomSCFr1.2-1164,1769,436,1769,1000,308,1000,1000,160,1000
PdomSCFr1.2-1165,1762,467,1768,995,236,1000,999,278,1000
PdomSCFr1.2-1166,1764,482,1767,998,281,1000,997,291,1000
PdomSCFr1.2-1167,1763,559,1765,999,296,1000,998,331,1000
PdomSCFr1.2-1168,1707,348,1712,999,204,1000,995,200,1000
PdomSCFr1.2-1169,2159,453,2656,1000,212,1000,1000,208,1000
PdomSCFr1.2-1170,1748,543,1748,1000,329,1000,1000,301,1000
PdomSCFr1.2-1171,1744,635,1745,1000,371,1000,999,366,1000
PdomSCFr1.2-1172,1672,346,1672,1000,208,1000,1000,208,1000
PdomSCFr1.2-1173,1737,881,1739,998,519,1000,1000,508,1000
PdomSCFr1.2-1174,1736,490,1739,998,239,1000,999,330,1000
PdomSCFr1.2-1175,1733,529,1735,998,291,1000,1000,318,1000
PdomSCFr1.2-1176,1568,369,1858,1000,256,1000,710,164,1000
PdomSCFr1.2-1177,1706,605,1717,996,352,1000,993,359,1000
PdomSCFr1.2-1178,1720,761,1730,993,431,1000,992,450,1000
PdomSCFr1.2-1179,1719,585,1721,998,309,1000,1000,346,1000
PdomSCFr1.2-1180,2293,918,8250,990,412,1000,988,386,1000
PdomSCFr1.2-1181,1565,489,1566,999,318,1000,1000,320,1000
PdomSCFr1.2-1182,1685,609,1691,994,383,1000,999,350,1000
PdomSCFr1.2-1183,1655,666,1655,1000,405,1000,1000,390,1000
PdomSCFr1.2-1184,1710,428,1710,1000,252,1000,1000,250,1000
PdomSCFr1.2-1185,1707,583,1707,1000,387,1000,1000,311,1000
PdomSCFr1.2-1186,1669,776,1670,999,391,1000,1000,536,1000
PdomSCFr1.2-1187,1699,409,1703,1000,231,1000,996,255,1000
PdomSCFr1.2-1188,1695,502,1695,1000,267,1000,1000,311,1000
PdomSCFr1.2-1189,1660,504,1661,1000,292,1000,999,328,1000
PdomSCFr1.2-1190,1685,537,1691,999,309,1000,995,310,1000
PdomSCFr1.2-1191,1632,561,1638,997,338,1000,997,342,1000
PdomSCFr1.2-1192,1640,430,1640,1000,179,1000,1000,304,1000
PdomSCFr1.2-1193,1101,242,1383,906,202,1000,718,158,1000
PdomSCFr1.2-1194,1672,705,1685,988,404,1000,994,435,1000
PdomSCFr1.2-1195,1621,766,1624,998,527,1000,998,435,1000
PdomSCFr1.2-1196,1677,604,1681,997,373,1000,999,355,1000
PdomSCFr1.2-1197,1627,801,1628,999,501,1000,999,489,1000
PdomSCFr1.2-1198,1666,572,1666,1000,387,1000,1000,317,1000
PdomSCFr1.2-1199,1610,670,1617,995,416,1000,997,413,1000
PdomSCFr1.2-1200,1651,460,1664,993,295,1000,991,287,1000
PdomSCFr1.2-1201,1604,870,1605,999,542,1000,1000,542,1000
PdomSCFr1.2-1202,1654,478,1654,1000,262,1000,1000,306,1000
PdomSCFr1.2-1203,1732,439,1733,1000,218,1000,999,283,1000
PdomSCFr1.2-1204,1628,875,1634,996,528,1000,998,539,1000
PdomSCFr1.2-1205,1646,575,1658,992,323,1000,996,369,1000
PdomSCFr1.2-1206,1656,521,1658,1000,369,1000,998,267,1000
PdomSCFr1.2-1207,1653,510,1654,999,368,1000,1000,257,1000
PdomSCFr1.2-1208,1601,973,1601,1000,607,1000,1000,604,1000
PdomSCFr1.2-1209,1649,712,1652,997,426,1000,998,483,1000
PdomSCFr1.2-1210,1613,781,1613,1000,524,1000,1000,436,1000
PdomSCFr1.2-1211,1640,510,1650,994,295,1000,996,305,1000
PdomSCFr1.2-1212,1644,713,1648,999,437,1000,997,419,1000
PdomSCFr1.2-1213,1351,418,1544,810,252,1000,861,295,1000
PdomSCFr1.2-1214,1538,340,1538,1000,225,1000,1000,219,1000
PdomSCFr1.2-1215,1637,582,1644,997,379,1000,996,337,1000
PdomSCFr1.2-1216,1636,472,1640,999,301,1000,996,279,1000
PdomSCFr1.2-1217,1633,621,1633,1000,296,1000,1000,488,1000
PdomSCFr1.2-1218,1633,367,1633,1000,224,1000,1000,219,1000
PdomSCFr1.2-1219,1540,339,1544,996,216,1000,997,218,1000
PdomSCFr1.2-1220,1600,804,1602,998,505,1000,999,488,1000
PdomSCFr1.2-1221,1624,563,1628,996,332,1000,996,333,1000
PdomSCFr1.2-1222,1625,482,1625,1000,312,1000,1000,282,1000
PdomSCFr1.2-1223,1608,376,1608,1000,243,1000,1000,230,1000
PdomSCFr1.2-1224,1618,472,1618,1000,316,1000,1000,280,1000
PdomSCFr1.2-1225,1609,495,1618,991,305,1000,997,295,1000
PdomSCFr1.2-1226,1537,332,1537,1000,222,1000,1000,207,1000
PdomSCFr1.2-1227,1615,288,1617,998,171,1000,1000,177,1000
PdomSCFr1.2-1228,1613,789,1616,997,491,1000,997,490,1000
PdomSCFr1.2-1229,1615,571,1615,1000,371,1000,1000,325,1000
PdomSCFr1.2-1230,1612,365,1613,999,227,1000,999,249,1000
PdomSCFr1.2-1231,1609,386,1612,998,226,1000,999,264,1000
PdomSCFr1.2-1232,1574,498,1575,1000,322,1000,999,301,1000
PdomSCFr1.2-1233,1541,458,1553,994,284,1000,990,288,1000
PdomSCFr1.2-1234,1607,510,1607,1000,363,1000,1000,317,1000
PdomSCFr1.2-1235,1605,464,1606,999,288,1000,1000,275,1000
PdomSCFr1.2-1236,1593,572,1602,997,351,1000,991,366,1000
PdomSCFr1.2-1237,1586,341,1587,999,218,1000,999,213,1000
PdomSCFr1.2-1238,1561,703,1561,1000,440,1000,1000,462,1000
PdomSCFr1.2-1239,1597,404,1600,997,227,1000,997,256,1000
PdomSCFr1.2-1240,1584,479,1596,992,317,1000,994,265,1000
PdomSCFr1.2-1241,1543,582,1551,998,362,1000,992,355,1000
PdomSCFr1.2-1242,1583,475,1593,998,309,1000,992,301,1000
PdomSCFr1.2-1243,1585,451,1588,999,291,1000,997,294,1000
PdomSCFr1.2-1244,1512,408,1518,994,301,1000,1000,240,1000
PdomSCFr1.2-1245,1583,358,1583,1000,223,1000,1000,218,1000
PdomSCFr1.2-1246,1577,448,1579,998,257,1000,998,329,1000
PdomSCFr1.2-1247,1564,660,1564,1000,406,1000,1000,428,1000
PdomSCFr1.2-1248,1506,425,1512,999,257,1000,995,300,1000
PdomSCFr1.2-1249,1517,539,1524,999,347,1000,993,346,1000
PdomSCFr1.2-1250,1556,380,1556,1000,259,1000,1000,225,1000
PdomSCFr1.2-1251,1551,564,1556,995,376,1000,997,340,1000
PdomSCFr1.2-1252,1553,418,1555,1000,210,1000,998,307,1000
PdomSCFr1.2-1253,1554,317,1554,1000,206,1000,1000,200,1000
PdomSCFr1.2-1254,1524,410,1532,995,254,1000,994,289,1000
PdomSCFr1.2-1255,1487,361,1487,1000,242,1000,1000,234,1000
PdomSCFr1.2-1256,1545,682,1547,998,439,1000,998,448,1000
PdomSCFr1.2-1257,1504,408,1505,999,275,1000,999,226,1000
PdomSCFr1.2-1258,1534,560,1548,988,350,1000,996,383,1000
PdomSCFr1.2-1259,1512,405,1513,999,238,1000,1000,269,1000
PdomSCFr1.2-1260,1545,447,1546,999,295,1000,1000,288,1000
PdomSCFr1.2-1261,1539,472,1545,997,332,1000,995,301,1000
PdomSCFr1.2-1262,1496,327,1496,1000,223,1000,1000,211,1000
PdomSCFr1.2-1263,1540,584,1543,999,359,1000,997,391,1000
PdomSCFr1.2-1264,1506,794,1506,1000,538,1000,1000,508,1000
PdomSCFr1.2-1265,1534,362,1537,998,219,1000,998,250,1000
PdomSCFr1.2-1266,1486,532,1486,1000,397,1000,1000,354,1000
PdomSCFr1.2-1267,1507,316,1507,1000,202,1000,1000,217,1000
PdomSCFr1.2-1268,1523,469,1530,994,301,1000,994,315,1000
PdomSCFr1.2-1269,1518,441,1525,994,336,1000,995,228,1000
PdomSCFr1.2-1270,1524,487,1524,1000,324,1000,1000,324,1000
PdomSCFr1.2-1271,1470,626,1475,996,447,1000,997,422,1000
PdomSCFr1.2-1272,1517,847,1520,998,557,1000,999,546,1000
PdomSCFr1.2-1273,1514,528,1515,999,298,1000,1000,396,1000
PdomSCFr1.2-1274,1494,438,1499,996,315,1000,996,277,1000
PdomSCFr1.2-1275,1510,452,1510,1000,284,1000,1000,277,1000
PdomSCFr1.2-1276,1504,413,1509,995,304,1000,998,251,1000
PdomSCFr1.2-1277,1507,471,1507,1000,295,1000,1000,404,1000
PdomSCFr1.2-1278,1417,379,1429,989,193,1000,996,291,1000
PdomSCFr1.2-1279,1459,460,1463,997,311,1000,997,302,1000
PdomSCFr1.2-1280,1499,421,1499,1000,240,1000,1000,303,1000
PdomSCFr1.2-1281,1498,678,1498,1000,444,1000,1000,462,1000
PdomSCFr1.2-1282,1451,385,1452,999,276,1000,1000,248,1000
PdomSCFr1.2-1283,1438,388,1440,998,294,1000,998,243,1000
PdomSCFr1.2-1284,1485,537,1486,999,353,1000,1000,363,1000
PdomSCFr1.2-1285,1448,407,1455,994,249,1000,996,323,1000
PdomSCFr1.2-1286,1414,527,1415,999,360,1000,999,375,1000
PdomSCFr1.2-1287,1471,526,1474,999,339,1000,997,366,1000
PdomSCFr1.2-1288,1464,435,1468,997,271,1000,997,315,1000
PdomSCFr1.2-1289,1465,445,1470,995,291,1000,996,281,1000
PdomSCFr1.2-1290,1464,580,1471,994,390,1000,995,400,1000
PdomSCFr1.2-1291,1410,471,1412,998,326,1000,999,335,1000
PdomSCFr1.2-1292,1466,589,1468,998,383,1000,999,406,1000
PdomSCFr1.2-1293,1456,621,1456,1000,426,1000,1000,417,1000
PdomSCFr1.2-1294,1465,408,1465,1000,240,1000,1000,293,1000
PdomSCFr1.2-1295,1461,435,1462,1000,282,1000,999,321,1000
PdomSCFr1.2-1296,1378,305,1391,998,181,1000,987,202,1000
PdomSCFr1.2-1297,1451,371,1452,1000,261,1000,999,238,1000
PdomSCFr1.2-1298,1450,384,1450,1000,218,1000,1000,330,1000
PdomSCFr1.2-1299,1534,420,1534,1000,262,1000,1000,294,1000
PdomSCFr1.2-1300,896,183,1162,734,151,1000,734,154,1000
PdomSCFr1.2-1301,1385,286,1385,1000,212,1000,1000,200,1000
PdomSCFr1.2-1302,1438,363,1439,999,262,1000,999,237,1000
PdomSCFr1.2-1303,1358,278,1358,1000,204,1000,1000,204,1000
PdomSCFr1.2-1304,1431,430,1436,995,288,1000,995,318,1000
PdomSCFr1.2-1305,1338,277,1338,1000,205,1000,1000,207,1000
PdomSCFr1.2-1306,1427,532,1427,1000,371,1000,1000,375,1000
PdomSCFr1.2-1307,1428,510,1433,995,376,1000,1000,353,1000
PdomSCFr1.2-1308,1314,298,1314,1000,228,1000,1000,220,1000
PdomSCFr1.2-1309,1378,302,1378,1000,216,1000,1000,219,1000
PdomSCFr1.2-1310,1426,528,1429,997,396,1000,999,353,1000
PdomSCFr1.2-1311,1426,241,1426,1000,170,1000,1000,164,1000
PdomSCFr1.2-1312,1359,622,1373,986,431,1000,996,463,1000
PdomSCFr1.2-1313,1385,448,1412,983,312,1000,983,326,1000
PdomSCFr1.2-1314,1366,301,1366,1000,211,1000,1000,224,1000
PdomSCFr1.2-1315,1361,292,1362,999,208,1000,999,218,1000
PdomSCFr1.2-1316,1411,474,1421,994,369,1000,992,347,1000
PdomSCFr1.2-1317,1402,413,1403,999,280,1000,1000,291,1000
PdomSCFr1.2-1318,1413,528,1415,998,411,1000,999,331,1000
PdomSCFr1.2-1319,1406,323,1413,995,207,1000,996,235,1000
PdomSCFr1.2-1320,1365,328,1369,998,230,1000,997,262,1000
PdomSCFr1.2-1321,1357,322,1357,1000,239,1000,1000,238,1000
PdomSCFr1.2-1322,1406,468,1410,997,349,1000,997,322,1000
PdomSCFr1.2-1323,1381,444,1381,1000,313,1000,1000,363,1000
PdomSCFr1.2-1324,1352,286,1353,999,202,1000,1000,187,1000
PdomSCFr1.2-1325,1345,305,1346,999,229,1000,1000,221,1000
PdomSCFr1.2-1326,1296,280,1296,1000,221,1000,1000,217,1000
PdomSCFr1.2-1327,1350,422,1350,1000,304,1000,1000,308,1000
PdomSCFr1.2-1328,1388,328,1395,995,205,1000,993,260,1000
PdomSCFr1.2-1329,1342,377,1342,1000,277,1000,1000,295,1000
PdomSCFr1.2-1330,1384,350,1387,998,305,1000,997,263,1000
PdomSCFr1.2-1331,1375,496,1375,1000,355,1000,1000,348,1000
PdomSCFr1.2-1332,1383,516,1387,997,369,1000,999,372,1000
PdomSCFr1.2-1333,1295,725,1304,991,595,1000,991,529,1000
PdomSCFr1.2-1334,1320,304,1320,1000,230,1000,1000,228,1000
PdomSCFr1.2-1335,1361,661,1361,1000,486,1000,1000,485,1000
PdomSCFr1.2-1336,1380,532,1380,1000,328,1000,1000,411,1000
PdomSCFr1.2-1337,1376,448,1380,996,319,1000,998,338,1000
PdomSCFr1.2-1338,1055,421,1373,685,271,1000,732,301,1000
PdomSCFr1.2-1339,1372,504,1378,995,353,1000,995,369,1000
PdomSCFr1.2-1340,1331,529,1337,996,403,1000,995,381,1000
PdomSCFr1.2-1341,1291,514,1293,998,402,1000,998,375,1000
PdomSCFr1.2-1342,1359,481,1366,1000,372,1000,993,308,1000
PdomSCFr1.2-1343,1366,490,1366,1000,364,1000,1000,368,1000
PdomSCFr1.2-1344,1313,554,1318,995,419,1000,996,443,1000
PdomSCFr1.2-1345,1366,401,1366,1000,292,1000,1000,306,1000
PdomSCFr1.2-1346,1362,377,1365,999,275,1000,998,289,1000
PdomSCFr1.2-1347,1365,346,1365,1000,253,1000,1000,253,1000
PdomSCFr1.2-1348,1364,269,1364,1000,199,1000,1000,172,1000
PdomSCFr1.2-1349,1314,301,1314,1000,226,1000,1000,253,1000
PdomSCFr1.2-1350,1360,353,1360,1000,244,1000,1000,270,1000
PdomSCFr1.2-1351,1359,530,1359,1000,379,1000,1000,391,1000
PdomSCFr1.2-1352,1358,450,1358,1000,333,1000,1000,403,1000
PdomSCFr1.2-1353,1353,248,1353,1000,194,1000,1000,210,1000
PdomSCFr1.2-1354,1314,421,1321,995,310,1000,993,316,1000
PdomSCFr1.2-1355,1341,831,1345,996,636,1000,997,614,1000
PdomSCFr1.2-1356,1278,561,1287,994,440,1000,993,432,1000
PdomSCFr1.2-1357,1291,264,1292,999,196,1000,999,214,1000
PdomSCFr1.2-1358,1340,518,1340,1000,379,1000,1000,387,1000
PdomSCFr1.2-1359,1330,299,1334,996,231,1000,997,214,1000
PdomSCFr1.2-1360,1275,796,1278,997,620,1000,997,629,1000
PdomSCFr1.2-1361,1334,432,1334,1000,312,1000,1000,316,1000
PdomSCFr1.2-1362,1284,692,1286,999,557,1000,998,524,1000
PdomSCFr1.2-1363,1325,326,1326,999,241,1000,999,268,1000
PdomSCFr1.2-1364,1296,391,1296,1000,310,1000,1000,296,1000
PdomSCFr1.2-1365,1318,324,1318,1000,259,1000,1000,245,1000
PdomSCFr1.2-1366,1264,302,1264,1000,283,1000,1000,203,1000
PdomSCFr1.2-1367,1204,267,1204,1000,222,1000,1000,221,1000
PdomSCFr1.2-1368,1261,344,1265,996,283,1000,997,263,1000
PdomSCFr1.2-1369,1279,487,1279,1000,432,1000,1000,340,1000
PdomSCFr1.2-1370,1308,359,1309,999,285,1000,1000,276,1000
PdomSCFr1.2-1371,1243,728,1250,993,593,1000,993,565,1000
PdomSCFr1.2-1372,1307,543,1307,1000,438,1000,1000,382,1000
PdomSCFr1.2-1373,1304,241,1304,1000,196,1000,1000,210,1000
PdomSCFr1.2-1374,1293,276,1297,997,212,1000,996,219,1000
PdomSCFr1.2-1375,1191,243,1191,1000,201,1000,1000,207,1000
PdomSCFr1.2-1376,1237,295,1237,1000,242,1000,1000,242,1000
PdomSCFr1.2-1377,1223,267,1223,1000,214,1000,1000,221,1000
PdomSCFr1.2-1378,1255,460,1259,997,332,1000,996,401,1000
PdomSCFr1.2-1379,1230,296,1230,1000,237,1000,1000,241,1000
PdomSCFr1.2-1380,1185,250,1185,1000,207,1000,1000,210,1000
PdomSCFr1.2-1381,1286,477,1287,999,380,1000,999,384,1000
PdomSCFr1.2-1382,1233,409,1235,999,332,1000,998,333,1000
PdomSCFr1.2-1383,1182,367,1182,1000,317,1000,1000,327,1000
PdomSCFr1.2-1384,1255,253,1258,997,197,1000,999,204,1000
PdomSCFr1.2-1385,1170,247,1170,1000,213,1000,1000,217,1000
PdomSCFr1.2-1386,1271,380,1271,1000,295,1000,1000,279,1000
PdomSCFr1.2-1387,1275,358,1276,1000,296,1000,999,271,1000
PdomSCFr1.2-1388,1228,348,1228,1000,269,1000,1000,303,1000
PdomSCFr1.2-1389,1269,367,1274,997,291,1000,995,287,1000
PdomSCFr1.2-1390,1269,524,1270,1000,422,1000,999,409,1000
PdomSCFr1.2-1391,1271,348,1271,1000,273,1000,1000,301,1000
PdomSCFr1.2-1392,1266,260,1271,995,199,1000,995,208,1000
PdomSCFr1.2-1393,1209,429,1209,1000,343,1000,1000,336,1000
PdomSCFr1.2-1394,1202,278,1202,1000,231,1000,1000,235,1000
PdomSCFr1.2-1395,1241,255,1241,1000,206,1000,1000,206,1000
PdomSCFr1.2-1396,1251,534,1257,995,423,1000,995,435,1000
PdomSCFr1.2-1397,1254,290,1254,1000,215,1000,1000,214,1000
PdomSCFr1.2-1398,1167,257,1171,996,228,1000,996,214,1000
PdomSCFr1.2-1399,1251,365,1251,1000,303,1000,1000,262,1000
PdomSCFr1.2-1400,1228,317,1237,999,251,1000,991,241,1000
PdomSCFr1.2-1401,1191,681,1192,999,563,1000,1000,577,1000
PdomSCFr1.2-1402,1142,330,1142,1000,291,1000,1000,292,1000
PdomSCFr1.2-1403,1189,134,1189,1000,113,1000,1000,115,1000
PdomSCFr1.2-1404,1239,463,1239,1000,382,1000,1000,392,1000
PdomSCFr1.2-1405,1193,275,1194,999,231,1000,1000,231,1000
PdomSCFr1.2-1406,1235,205,1235,1000,196,1000,1000,188,1000
PdomSCFr1.2-1407,1234,409,1237,997,314,1000,997,349,1000
PdomSCFr1.2-1408,1234,628,1234,1000,503,1000,1000,504,1000
PdomSCFr1.2-1409,1189,267,1189,1000,225,1000,1000,226,1000
PdomSCFr1.2-1410,1172,285,1172,1000,246,1000,1000,233,1000
PdomSCFr1.2-1411,1225,483,1225,1000,392,1000,1000,395,1000
PdomSCFr1.2-1412,1225,683,1225,1000,544,1000,1000,544,1000
PdomSCFr1.2-1413,1122,248,1122,1000,224,1000,1000,218,1000
PdomSCFr1.2-1414,1170,352,1170,1000,308,1000,1000,297,1000
PdomSCFr1.2-1415,1215,385,1215,1000,291,1000,1000,327,1000
PdomSCFr1.2-1416,1172,246,1173,999,210,1000,999,206,1000
PdomSCFr1.2-1417,1207,394,1212,995,338,1000,996,313,1000
PdomSCFr1.2-1418,1212,427,1212,1000,392,1000,1000,333,1000
PdomSCFr1.2-1419,1110,237,1110,1000,214,1000,1000,209,1000
PdomSCFr1.2-1420,1209,290,1209,1000,225,1000,1000,230,1000
PdomSCFr1.2-1421,1149,353,1149,1000,311,1000,1000,297,1000
PdomSCFr1.2-1422,1148,615,1153,996,531,1000,995,547,1000
PdomSCFr1.2-1423,1174,540,1175,1000,455,1000,999,476,1000
PdomSCFr1.2-1424,1079,214,1080,999,199,1000,999,201,1000
PdomSCFr1.2-1425,1182,631,1182,1000,532,1000,1000,562,1000
PdomSCFr1.2-1426,1121,467,1125,996,408,1000,996,415,1000
PdomSCFr1.2-1427,1142,282,1142,1000,221,1000,1000,254,1000
PdomSCFr1.2-1428,1179,393,1180,999,318,1000,999,331,1000
PdomSCFr1.2-1429,1178,376,1179,999,294,1000,999,318,1000
PdomSCFr1.2-1430,1177,337,1178,999,281,1000,1000,263,1000
PdomSCFr1.2-1431,1173,294,1174,999,246,1000,999,226,1000
PdomSCFr1.2-1432,1173,294,1173,1000,254,1000,1000,256,1000
PdomSCFr1.2-1433,1157,334,1157,1000,281,1000,1000,282,1000
PdomSCFr1.2-1434,1103,267,1103,1000,246,1000,1000,235,1000
PdomSCFr1.2-1435,1151,251,1151,1000,215,1000,1000,219,1000
PdomSCFr1.2-1436,1068,226,1068,1000,206,1000,1000,209,1000
PdomSCFr1.2-1437,1098,241,1100,998,216,1000,998,218,1000
PdomSCFr1.2-1438,1128,350,1128,1000,291,1000,1000,312,1000
PdomSCFr1.2-1439,1130,308,1135,996,277,1000,995,264,1000
PdomSCFr1.2-1440,1158,377,1158,1000,339,1000,1000,350,1000
PdomSCFr1.2-1441,1095,621,1096,999,570,1000,999,563,1000
PdomSCFr1.2-1442,1154,621,1154,1000,534,1000,1000,564,1000
PdomSCFr1.2-1443,1149,234,1149,1000,213,1000,1000,212,1000
PdomSCFr1.2-1444,1089,272,1092,997,247,1000,997,245,1000
PdomSCFr1.2-1445,1050,227,1050,1000,213,1000,1000,215,1000
PdomSCFr1.2-1446,1121,327,1121,1000,289,1000,1000,294,1000
PdomSCFr1.2-1447,1139,493,1139,1000,429,1000,1000,443,1000
PdomSCFr1.2-1448,1021,228,1021,1000,222,1000,1000,221,1000
PdomSCFr1.2-1449,1023,233,1024,999,229,1000,999,228,1000
PdomSCFr1.2-1450,1063,228,1064,999,210,1000,999,214,1000
PdomSCFr1.2-1451,1074,223,1074,1000,206,1000,1000,205,1000
PdomSCFr1.2-1452,1123,265,1123,1000,238,1000,1000,223,1000
PdomSCFr1.2-1453,1074,342,1074,1000,297,1000,1000,318,1000
PdomSCFr1.2-1454,1021,237,1022,999,236,1000,999,230,1000
PdomSCFr1.2-1455,1023,225,1023,1000,218,1000,1000,220,1000
PdomSCFr1.2-1456,1109,207,1109,1000,181,1000,1000,184,1000
PdomSCFr1.2-1457,1065,235,1065,1000,220,1000,1000,221,1000
PdomSCFr1.2-1458,978,211,980,978,211,980,978,211,980
PdomSCFr1.2-1459,1001,232,1001,1000,232,1000,1000,232,1000
PdomSCFr1.2-1460,1032,225,1032,1000,216,1000,1000,218,1000
PdomSCFr1.2-1461,1055,105,1093,962,95,1000,962,97,1000
PdomSCFr1.2-1462,1039,252,1040,999,245,1000,999,243,1000
PdomSCFr1.2-1463,1033,247,1033,1000,239,1000,1000,240,1000
PdomSCFr1.2-1464,1085,292,1090,995,277,1000,995,268,1000
PdomSCFr1.2-1465,1037,232,1038,999,226,1000,999,227,1000
PdomSCFr1.2-1466,1158,125,1159,999,121,1000,999,94,1000
PdomSCFr1.2-1467,1043,338,1043,1000,324,1000,1000,324,1000
PdomSCFr1.2-1468,1072,264,1072,1000,262,1000,1000,236,1000
PdomSCFr1.2-1469,1008,427,1011,997,421,1000,997,420,1000
PdomSCFr1.2-1470,1024,320,1028,996,311,1000,996,312,1000
PdomSCFr1.2-1471,956,545,959,956,545,959,956,545,959
PdomSCFr1.2-1472,1059,431,1060,999,407,1000,999,404,1000
PdomSCFr1.2-1473,1057,262,1057,1000,249,1000,1000,248,1000
PdomSCFr1.2-1474,949,191,949,949,191,949,949,191,949
PdomSCFr1.2-1475,1036,475,1040,996,460,1000,996,459,1000
PdomSCFr1.2-1476,1037,332,1039,998,325,1000,998,318,1000
PdomSCFr1.2-1477,1035,330,1036,999,313,1000,999,317,1000
PdomSCFr1.2-1478,1029,304,1030,999,294,1000,999,301,1000
PdomSCFr1.2-1479,1021,228,1022,999,226,1000,999,220,1000
PdomSCFr1.2-1480,965,206,965,965,206,965,965,206,965
PdomSCFr1.2-1481,970,221,970,970,221,970,970,221,970
PdomSCFr1.2-1482,1005,319,1006,999,319,1000,999,318,1000
PdomSCFr1.2-1483,1614,415,1633,995,280,1000,982,277,1000
